--   --------------------------------------------------
--   Generated by Enterprise Architect Version 7.1.833
--   Created On : Lunes, 22 Noviembre, 2010 
--   DBMS       : MySql 
--   -------------------------------------------------- 






--  Create Tables 
CREATE TABLE tipoPresupuesto
(
	id INT NOT NULL AUTO_INCREMENT,
	descripcion VARCHAR(50) NOT NULL,
	PRIMARY KEY (id)
) 
;


CREATE TABLE presupuesto
(
	id INT NOT NULL AUTO_INCREMENT,
	idTipoPresupuesto INT NOT NULL,
	idProyecto INT NULL,
	idActividad INT NULL,
	idRubro INT NOT NULL,
	monto DECIMAL(10,2) NOT NULL,
	PRIMARY KEY (id),
	KEY (idTipoPresupuesto),
	KEY (idProyecto),
	KEY (idActividad),
	KEY (idRubro)
) 
;


CREATE TABLE gasto
(
	id INT NOT NULL AUTO_INCREMENT COMMENT 'Primary Key',
	idProyecto INT COMMENT 'Proyecto al cual corresponde la Actividad para la cual se registra el gasto',
	idActividad INT COMMENT 'Actividad a la cual se registra el gasto',
	fecha DATE NOT NULL COMMENT 'Fecha de registración de gasto',
	idRubro INT NOT NULL COMMENT 'Rubro al cual pertenece el gasto',
	idOrigen INT NOT NULL COMMENT 'Origen del gasto',
	idProveedor INT COMMENT 'Proveedor vinculado al gasto',
	idTipoComprobante INT COMMENT 'Tipo de comprobante',
	numeroComprobante VARCHAR(50) COMMENT 'Identificador de comprobante',
	paquete VARCHAR(50) COMMENT 'Identificador de paquete',
	importe DECIMAL(10,2) NOT NULL COMMENT 'Importe del gasto',
	idPersona INT NOT NULL COMMENT 'Persona que imputa el gasto',
	idTipoGasto INT NOT NULL COMMENT 'Esto no recuerdo que es',
	observaciones TEXT COMMENT 'Observaciones del gasto',
	referencia VARCHAR(255) COMMENT 'Referencia',
	confirmado BOOL NOT NULL DEFAULT false COMMENT 'Indica que el gasto fue confirmado por el administrador',
	activo BOOL NOT NULL COMMENT 'Señal para manejo de baja logica',
        PRIMARY KEY (id),
	UNIQUE UQ_gasto_id(id),
	KEY (idActividad),
	KEY (idOrigen),
	KEY (idPersona),
	KEY (idProveedor),
	KEY (idProyecto),
	KEY (idRubro),
	KEY (idTipoComprobante),
	KEY (idTipoGasto)
) 
;


CREATE TABLE asignacion
(
	id INT NOT NULL AUTO_INCREMENT,
	idTipoAsignacion INT NOT NULL,
	idPersona INT NOT NULL,
	idActividad INT NOT NULL,
	cantidad NUMERIC(10) NOT NULL,
	activo BOOL NOT NULL COMMENT 'Señal para manejo de baja logica',
	PRIMARY KEY (id),
	UNIQUE UQ_asignacion_id(id),
	UNIQUE UQ_asignacion_tupla(idActividad, idPersona, idTipoAsignacion),
	KEY (idActividad),
	KEY (idPersona),
	KEY (idTipoAsignacion)
) 
;


CREATE TABLE actividad
(
	id INT NOT NULL AUTO_INCREMENT COMMENT 'Primary Key',
	idMeta INT NOT NULL,
	idFinanciador INT NOT NULL,
	idEstadoActividad INT NOT NULL,
	nombre VARCHAR(255) COMMENT 'Nombre de la Actividad',
	observaciones TEXT COMMENT 'Observaciones generales de la Actividad',
	fechaInicio DATE COMMENT 'Fecha que inicia la Actividad',
	fechaFin DATE COMMENT 'Fecha que termina la Actividad',
	fechaFinalizacion DATE COMMENT 'Fecha en que finalizó la actividad',
	ponderacion DECIMAL(3) NOT NULL COMMENT 'Peso arbitrariamente asignado',
	completitud DECIMAL(3) NOT NULL COMMENT 'Porcentaje en el que se ha completado la actividad',
	activo BOOL NOT NULL COMMENT 'Señal para manejo de baja logica',
	PRIMARY KEY (id),
	UNIQUE UQ_actividad_id(id),
	KEY (idFinanciador),
	KEY (idMeta),
	KEY (idEstadoActividad)
) 
;


CREATE TABLE meta
(
	id INT NOT NULL AUTO_INCREMENT COMMENT 'Primary Key',
	nombre VARCHAR(255) NOT NULL COMMENT 'Nombre de la Meta',
	descripcion TEXT COMMENT 'Descripción breve de la Meta',
	ponderacion DECIMAL(3) NOT NULL COMMENT 'Peso relativo de la Meta en el Objetivo Especifico',
	idObjetivoEspecifico INT NOT NULL COMMENT 'Objetivo Específico del que depende esta Meta',
	activo BOOL NOT NULL COMMENT 'Señal para manejo de baja logica',
	PRIMARY KEY (id),
	UNIQUE UQ_meta_id(id),
	KEY (idObjetivoEspecifico)
) 
;


CREATE TABLE objetivoEspecifico
(
	id INT NOT NULL AUTO_INCREMENT COMMENT 'Primary Key',
	nombre VARCHAR(255) NOT NULL COMMENT 'Nombre del Objetivo Especifico ',
	descripcion TEXT COMMENT 'Descripción breve del Objetivo Especifico',
	ponderacion DECIMAL(3) NOT NULL COMMENT 'Peso relativo del Objetivo Especifico en el Objetivo General',
	idObjetivoGeneral INT NOT NULL COMMENT 'Objetivo General del que depende este Objetivo Especifico',
	activo BOOL NOT NULL COMMENT 'Señal para manejo de baja logica',
	PRIMARY KEY (id),
	UNIQUE UQ_objetivoEspecifico_id(id),
	KEY (idObjetivoGeneral)
) 
;


CREATE TABLE usuario
(
	id INT NOT NULL AUTO_INCREMENT COMMENT 'Primary Key',
	idPersona INT NOT NULL COMMENT 'Referencia a la persona',
	username VARCHAR(50) NOT NULL COMMENT 'Nombre de usuario con el que se accedera al sistema',
	password VARCHAR(50) NOT NULL COMMENT 'Contraseña',
	idPerfil INT NOT NULL COMMENT 'Perfil del Usuario',
	bloqueado BOOL NOT NULL COMMENT 'Señal para manejo de bloqueos',
	activo BOOL NOT NULL COMMENT 'Señal para manejo de baja logica',
	PRIMARY KEY (id),
	KEY (idPersona),
	KEY (idPersona)
) 
;


CREATE TABLE tipoDocumento
(
	id INT NOT NULL AUTO_INCREMENT COMMENT 'Primary Key',
	descripcion VARCHAR(50) NOT NULL,
	PRIMARY KEY (id)
) 
;


CREATE TABLE proyectoAreaTematica
(
	idProyecto INT NOT NULL AUTO_INCREMENT,
	idAreaTematica INT NOT NULL,
	PRIMARY KEY (idProyecto, idAreaTematica),
	KEY (idAreaTematica),
	KEY (idProyecto)
) 
;


CREATE TABLE objetivoGeneral
(
	id INT NOT NULL AUTO_INCREMENT COMMENT 'Primary Key',
	nombre VARCHAR(255) NOT NULL COMMENT 'Nombre del Objetivo General',
	descripcion TEXT COMMENT 'Descripción breve del Objetivo General',
	ponderacion DECIMAL(3) NOT NULL COMMENT 'Peso relativo del Objetivo General en el proyecto',
	idProyecto INT NOT NULL COMMENT 'Proyecto que depende El Objetivo General',
	activo BOOL NOT NULL COMMENT 'Señal para manejo de baja logica',
	PRIMARY KEY (id),
	UNIQUE UQ_objetivoGeneral_id(id),
	KEY (idProyecto)
) 
;


CREATE TABLE coordinador
(
	idProyecto INT NOT NULL,
	idPersona INT NOT NULL,
	PRIMARY KEY (idProyecto, idPersona),
	KEY (idPersona),
	KEY (idProyecto)
) 
;


CREATE TABLE rolAcceso
(
	idRol INT NOT NULL,
	idAcceso INT NOT NULL,
	PRIMARY KEY (idRol, idAcceso),
	KEY (idAcceso),
	KEY (idRol)
) 
;


CREATE TABLE parametro
(
	id INT NOT NULL AUTO_INCREMENT COMMENT 'Primary Key',
	nombre VARCHAR(50) NOT NULL COMMENT 'Nombre del Parametro',
	valor VARCHAR(255) NOT NULL COMMENT 'Valor del Parametro',
	descripcion VARCHAR(255) NOT NULL COMMENT 'Descripcion del Parametro',
	PRIMARY KEY (id),
	UNIQUE UQ_parametro_id(id),
	UNIQUE UQ_parametro_nombre(nombre)
) 
;


CREATE TABLE proyecto
(
	id INT NOT NULL AUTO_INCREMENT COMMENT 'Primary Key',
	idEstadoProyecto INT NOT NULL COMMENT 'Estado del Proyecto',
	idTipoAgrupamiento INT NOT NULL COMMENT 'Agrupamiento de los gastos del Proyecto',
	nombre VARCHAR(255) NOT NULL COMMENT 'Nombre del Proyecto',
	descripcion TEXT COMMENT 'Descripción breve del Proyecto',
	fechaInicio DATE COMMENT 'Fecha que inicia el Proyecto',
	fechaFin DATE COMMENT 'Fecha que termina el Proyecto',
	ubicacion VARCHAR(255) COMMENT 'Ubicación geográfica donde se desarrollara el Proyecto',
	responsable INT NOT NULL COMMENT 'La Persona responsable del Proyecto',
	beneficiariosDirectos TEXT COMMENT 'Descripción de los Beneficiarios directos del Proyecto.',
	beneficiariosIndirectos TEXT COMMENT 'Descripción de los Beneficiarios indirectos del Proyecto',
	financiador INT,
	presupuestoTotal DECIMAL(10,2) NOT NULL,
	resumen TEXT COMMENT 'Resumen del Proyecto',
	idArchivo INT NULL COMMENT 'Resumen del Proyecto',
	activo BOOL NOT NULL COMMENT 'Señal para manejo de baja logica',
	PRIMARY KEY (id),
	UNIQUE UQ_proyecto_id(id),
	KEY (idEstadoProyecto),
	KEY (idTipoAgrupamiento),
	KEY (financiador),
	KEY (responsable)
) 
;


CREATE TABLE proveedor
(
	id INT NOT NULL AUTO_INCREMENT COMMENT 'Primary Key',
	idTipoProveedor INT NOT NULL COMMENT 'Tipo del Proveedor',
	nombre VARCHAR(255) NOT NULL COMMENT 'Nombre, Razón Social o Institución del Proveedor',
	cuit VARCHAR(20) COMMENT 'Número de CUIT o CUIL del Proveedor',
	cbu VARCHAR(50) COMMENT 'Número de Código Bancario Único del Proveedor',
	direccion VARCHAR(255) COMMENT 'Dirección del Proveedor',
	telefono VARCHAR(20) COMMENT 'Teléfono del Proveedor',
	contacto VARCHAR(50) COMMENT 'Contacto del Proveedor',
	celular VARCHAR(20) COMMENT 'Celular del Proveedor',
	email VARCHAR(50) COMMENT 'Email del Proveedor',
	observaciones VARCHAR(255) COMMENT 'Observaciones del Proveedor',
	activo BOOL NOT NULL COMMENT 'Señal para manejo de baja logica',
	PRIMARY KEY (id),
	UNIQUE UQ_proveedor_nombre(nombre),
	UNIQUE UQ_proveedor_id(id),
	KEY (idTipoProveedor)
) 
;


CREATE TABLE persona
(
	id INT NOT NULL AUTO_INCREMENT COMMENT 'Primary Key',
	apellido VARCHAR(255) NOT NULL COMMENT 'Apellido de la Persona',
	nombre VARCHAR(255) NOT NULL COMMENT 'Nombre de la Persona',
	segundoNombre VARCHAR(255) COMMENT 'Segundo Nombre de la Persona',
	idTipoDocumento INT NOT NULL COMMENT 'Tipo de documento de la persona',
	numeroDocumento NUMERIC(10) NOT NULL COMMENT 'Número de Documento de la Persona.',
	cuit VARCHAR(20) NOT NULL COMMENT 'Número de CUIT o CUIL de la Persona',
	cbu VARCHAR(50) NOT NULL COMMENT 'Número de Código Bancario Único de la Persona',
	nacionalidad VARCHAR(255) NOT NULL COMMENT 'Nacionalidad de la Persona',
	fechaNacimiento DATE COMMENT 'Fecha de Nacimiento de la Persona',
	profesion VARCHAR(255) NOT NULL COMMENT 'Profesión de la Persona',
	direccion VARCHAR(255) NOT NULL COMMENT 'Dirección de la Persona',
	telefono VARCHAR(20) NOT NULL COMMENT 'Teléfono de la Persona',
	celular VARCHAR(20) COMMENT 'Celular de la Persona',
	email VARCHAR(255) COMMENT 'Email de la Persona',
	funcion VARCHAR(255) NOT NULL COMMENT 'Función en la Organización de la Persona',
	idRelacionContractual INT NOT NULL,
	idFormaPago INT NOT NULL,
	idPersonaFactura INT COMMENT 'Persona en nombre de la cual se va a facturar',
	observaciones VARCHAR(255) COMMENT 'Observaciones de la Persona a crear',
	activo BOOL NOT NULL COMMENT 'Señal para manejo de baja logica',
	PRIMARY KEY (id),
	UNIQUE UQ_persona_id(id),
	KEY (idFormaPago),
	KEY (idPersonaFactura),
	KEY (idRelacionContractual)
) 
;


CREATE TABLE perfilRol
(
	idPerfil INT NOT NULL,
	idRol INT NOT NULL,
	PRIMARY KEY (idPerfil, idRol),
	KEY (idPerfil),
	KEY (idRol)
) 
;


CREATE TABLE ingreso
(
	id INT NOT NULL AUTO_INCREMENT,
	idTipoIngreso INT NOT NULL COMMENT 'Tipificación del Ingreso',
	monto DECIMAL(10,2) NOT NULL COMMENT 'Monto recibido',
	fecha DATE NOT NULL COMMENT 'Fecha en la que tuvo lugar el Ingreso',
	descripcion TEXT COMMENT 'Descripción del ingreso',
	idFinanciador INT COMMENT 'Financiador (solo valido si el Ingreso es de tipo "Financiacion")',
	activo BOOL NOT NULL COMMENT 'Señal para manejo de baja logica',
	PRIMARY KEY (id),
	KEY (idFinanciador),
	KEY (idTipoIngreso)
) 
;


CREATE TABLE financiador
(
	id INT NOT NULL AUTO_INCREMENT COMMENT 'Primary Key',
	idTipoFinanciador INT NOT NULL COMMENT 'Tipo del Financiador',
	nombre VARCHAR(255) NOT NULL COMMENT 'Nombre, Razón Social o Institución del Financiador a crear',
	cuit VARCHAR(20) COMMENT 'Número de CUIT o CUIL del Financiador a crear.',
	cbu VARCHAR(50) COMMENT 'Número de Código Bancario Único del Financiador a crear',
	direccion VARCHAR(255) NOT NULL COMMENT 'Dirección del Financiador',
	telefono VARCHAR(20) NOT NULL COMMENT 'Teléfono del Financiador',
	contacto VARCHAR(255) COMMENT 'Contacto del Financiador',
	celular VARCHAR(20) COMMENT 'Celular del Financiador',
	email VARCHAR(50) COMMENT 'Email del Financiador',
	idEstadoFinanciador INT NOT NULL COMMENT 'El estado en el sistema del Financiador',
	observaciones VARCHAR(50) COMMENT 'Observaciones del Financiador',
	activo BOOL NOT NULL COMMENT 'Señal para manejo de baja logica',
	PRIMARY KEY (id),
	UNIQUE UQ_financiador_id(id),
	KEY (idTipoFinanciador)
) 
;


CREATE TABLE acceso
(
	id INT NOT NULL AUTO_INCREMENT,
	idRecurso INT NOT NULL,
	idAccion INT NOT NULL,
	PRIMARY KEY (idRecurso, idAccion),
	KEY (id),
	UNIQUE UQ_rec_accion(idRecurso, idAccion)
) 
;


CREATE TABLE notificacion
(
	id INT NOT NULL AUTO_INCREMENT,
	idUsuario INT NOT NULL,
	idProyecto INT NULL,
	fecha DATETIME,
	mensaje VARCHAR(500) NOT NULL,
	leida BOOL NOT NULL,
	activo BOOL NOT NULL,
	PRIMARY KEY (id),
	UNIQUE UQ_notificacion_id(id),
        CONSTRAINT FK_notificacion_usuario FOREIGN KEY (idUsuario) REFERENCES usuario(id),
        CONSTRAINT FK_notificacion_proyecto FOREIGN KEY (idProyecto) REFERENCES proyecto(id)
) 
;


CREATE TABLE tipoProveedor
(
	id INT NOT NULL AUTO_INCREMENT,
	descripcion VARCHAR(50) NOT NULL COMMENT 'Descrpcion del Tipo de Proveedor',
	PRIMARY KEY (id),
	UNIQUE UQ_tipoProveedor_descripcion(descripcion),
	UNIQUE UQ_tipoProveedor_id(id)
) 
;


CREATE TABLE tipoIngreso
(
	id INT NOT NULL AUTO_INCREMENT,
	descripcion VARCHAR(50) NOT NULL,
	PRIMARY KEY (id)
) 
;


CREATE TABLE tipoGasto
(
	id INT NOT NULL AUTO_INCREMENT COMMENT 'Primary Key',
	descripcion VARCHAR(50) NOT NULL,
	PRIMARY KEY (id),
	UNIQUE UQ_tipoGasto_descripcion(descripcion),
	UNIQUE UQ_tipoGasto_id(id)
) 
;


CREATE TABLE tipoFinanciador
(
	id INT NOT NULL AUTO_INCREMENT COMMENT 'Primary Key',
	descripcion VARCHAR(50) NOT NULL COMMENT 'Descripcion del Tipo de FInanciador',
	PRIMARY KEY (id),
	UNIQUE UQ_tipoFinanciador_descripcion(descripcion)
) 
;


CREATE TABLE tipoComprobante
(
	id INT NOT NULL AUTO_INCREMENT COMMENT 'Primary Key',
	descripcion VARCHAR(50) NOT NULL,
	PRIMARY KEY (id),
	UNIQUE UQ_tipoComprobante_descripcion(descripcion),
	UNIQUE UQ_tipoComprobante_id(id)
) 
;


CREATE TABLE tipoAsignacion
(
	id INT NOT NULL AUTO_INCREMENT COMMENT 'Primary Key',
	descripcion VARCHAR(50) NOT NULL,
	PRIMARY KEY (id),
	UNIQUE UQ_tipoAsignacion_descripcion(descripcion),
	UNIQUE UQ_tipoAsignacion_id(id)
) 
;


CREATE TABLE tipoAgrupamiento
(
	id INT NOT NULL AUTO_INCREMENT COMMENT 'Primary Key',
	descripcion VARCHAR(50) NOT NULL,
	PRIMARY KEY (id),
	UNIQUE UQ_tipoAgrupamiento_descripcion(descripcion),
	UNIQUE UQ_tipoAgrupamiento_id(id)
) 
;


CREATE TABLE rubro
(
	id INT NOT NULL AUTO_INCREMENT COMMENT 'Primary Key',
	idRubroPadre INT,
	idRubroPrimerNivel INT NOT NULL,
	nombre VARCHAR(16) NOT NULL,
	descripcion VARCHAR(255) NOT NULL,
	activo BOOL NOT NULL COMMENT 'Señal para manejo de baja logica',
	PRIMARY KEY (id),
	UNIQUE UQ_rubro_id(id),
	KEY (idRubroPadre)
) 
;


CREATE TABLE rol
(
	id INT NOT NULL AUTO_INCREMENT COMMENT 'Primary Key',
	nombre VARCHAR(255) NOT NULL COMMENT 'Identificador único del Rol en el sistema',
	descripcion VARCHAR(255) NOT NULL COMMENT 'Descripcion del Rol',
	activo BOOL NOT NULL COMMENT 'Señal para manejo de baja logica',
	PRIMARY KEY (id)
) 
;


CREATE TABLE relacionContractual
(
	id INT NOT NULL AUTO_INCREMENT COMMENT 'Primary Key',
	nombre VARCHAR(16) NOT NULL COMMENT 'Identificador único de la Relación Contractual en el sistema',
	descripcion VARCHAR(255) NOT NULL COMMENT 'Descripción de la Relación Contractual',
	activo BOOL NOT NULL COMMENT 'Señal para manejo de baja logica',
	PRIMARY KEY (id),
	UNIQUE UQ_tipoContratacion_id(id)
) 
;


CREATE TABLE recurso
(
	id INT NOT NULL AUTO_INCREMENT COMMENT 'Primary Key',
	descripcion VARCHAR(50) NOT NULL COMMENT 'Descripcion del Recurso',
	PRIMARY KEY (id)
) 
;


CREATE TABLE perfil
(
	id INT NOT NULL AUTO_INCREMENT,
	nombre VARCHAR(16) NOT NULL COMMENT 'Identificador único del Perfil en el sistema',
	descripcion VARCHAR(255) NOT NULL COMMENT 'Descripcion del Perfil',
	activo BOOL NOT NULL COMMENT 'Señal para manejo de baja logica',
	PRIMARY KEY (id)
) 
;


CREATE TABLE origen
(
	id INT NOT NULL AUTO_INCREMENT COMMENT 'Primary Key',
	descripcion VARCHAR(50) NOT NULL,
	PRIMARY KEY (id),
	UNIQUE UQ_origen_descripcion(descripcion),
	UNIQUE UQ_origen_id(id)
) 
;


CREATE TABLE formaPago
(
	id INT NOT NULL AUTO_INCREMENT COMMENT 'Primary Key',
	descripcion VARCHAR(50) NOT NULL,
	PRIMARY KEY (id),
	UNIQUE UQ_formaPago_descripcion(descripcion),
	UNIQUE UQ_formaPago_id(id)
) 
;



CREATE TABLE estadoProyecto
(
	id INT NOT NULL AUTO_INCREMENT COMMENT 'Primary Key',
	idEstadoAnterior INT,
	descripcion VARCHAR(50) NOT NULL COMMENT 'Descripcion del Estado del Proyecto',
	PRIMARY KEY (id),
	UNIQUE UQ_estadoProyecto_descripcion(descripcion),
	UNIQUE UQ_estadoProyecto_id(id),
	KEY (idEstadoAnterior)
) 
;


CREATE TABLE estadoActividad
(
	id INT NOT NULL AUTO_INCREMENT COMMENT 'Primary Key',
	descripcion VARCHAR(50) NOT NULL COMMENT 'Descripcion del Estado del Proyecto',
	PRIMARY KEY (id),
	UNIQUE UQ_estadoActividad_descripcion(descripcion),
	UNIQUE UQ_estadoActividad_id(id)
) 
;


CREATE TABLE proximoEstadoActividad
(
	idEstadoActividad INT NOT NULL,
	idProximoEstadoActividad INT NOT NULL,
        KEY (idEstadoActividad),
        KEY (idProximoEstadoActividad),
        CONSTRAINT FK_proximoEstadoActividad_estadoActividad FOREIGN KEY (idProximoEstadoActividad) REFERENCES estadoActividad(id),
        CONSTRAINT FK_proximoEstadoActividad_proximoEstadoActividad FOREIGN KEY (idEstadoActividad) REFERENCES estadoActividad(id)
)
;


CREATE TABLE estadoFinanciador
(
	id INT NOT NULL AUTO_INCREMENT COMMENT 'Primary Key',
	descripcion VARCHAR(50) NOT NULL COMMENT 'Descripcion del Estado de Financiador',
	PRIMARY KEY (id),
	UNIQUE UQ_estadoFinanciador_descripcion(descripcion),
	UNIQUE UQ_estadoFinanciador_id(id)
) 
;


CREATE TABLE areaTematica
(
	id INT NOT NULL AUTO_INCREMENT COMMENT 'Primary Key',
	descripcion VARCHAR(50) NOT NULL,
	PRIMARY KEY (id),
	UNIQUE UQ_areaTematica_id(id)
) 
;


CREATE TABLE accion
(
	id INT NOT NULL AUTO_INCREMENT COMMENT 'Primary Key',
	descripcion VARCHAR(50) NOT NULL COMMENT 'Descripcion de la Accion',
	PRIMARY KEY (id)
) 
;


CREATE TABLE archivo
(
	id INT NOT NULL AUTO_INCREMENT COMMENT 'Primary Key',
	hash varchar(50) NOT NULL,
	nombre varchar(255) NOT NULL,
	contenido LONGBLOB NULL,
	PRIMARY KEY (id),
	UNIQUE UQ_archivo_id(id)
) 
;





--  Create Foreign Key Constraints 
ALTER TABLE presupuesto ADD CONSTRAINT FK_presupuesto_tipoPresupuesto 
	FOREIGN KEY (idTipoPresupuesto) REFERENCES tipoPresupuesto (id)
;

ALTER TABLE presupuesto ADD CONSTRAINT FK_presupuesto_proyecto 
	FOREIGN KEY (idProyecto) REFERENCES proyecto (id)
;

ALTER TABLE presupuesto ADD CONSTRAINT FK_presupuesto_actividad 
	FOREIGN KEY (idActividad) REFERENCES actividad (id)
;

ALTER TABLE presupuesto ADD CONSTRAINT FK_presupuesto_rubro 
	FOREIGN KEY (idRubro) REFERENCES rubro (id)
;

ALTER TABLE gasto ADD CONSTRAINT FK_gasto_actividad 
	FOREIGN KEY (idActividad) REFERENCES actividad (id)
;

ALTER TABLE gasto ADD CONSTRAINT FK_gasto_origen 
	FOREIGN KEY (idOrigen) REFERENCES origen (id)
;

ALTER TABLE gasto ADD CONSTRAINT FK_gasto_persona 
	FOREIGN KEY (idPersona) REFERENCES persona (id)
;

ALTER TABLE gasto ADD CONSTRAINT FK_gasto_proveedor 
	FOREIGN KEY (idProveedor) REFERENCES proveedor (id)
;

ALTER TABLE gasto ADD CONSTRAINT FK_gasto_proyecto 
	FOREIGN KEY (idProyecto) REFERENCES proyecto (id)
;

ALTER TABLE gasto ADD CONSTRAINT FK_gasto_rubro 
	FOREIGN KEY (idRubro) REFERENCES rubro (id)
;

ALTER TABLE gasto ADD CONSTRAINT FK_gasto_tipoComprobante 
	FOREIGN KEY (idTipoComprobante) REFERENCES tipoComprobante (id)
;

ALTER TABLE gasto ADD CONSTRAINT FK_gasto_tipoGasto 
	FOREIGN KEY (idTipoGasto) REFERENCES tipoGasto (id)
;

ALTER TABLE asignacion ADD CONSTRAINT FK_asignacion_actividad 
	FOREIGN KEY (idActividad) REFERENCES actividad (id)
;

ALTER TABLE asignacion ADD CONSTRAINT FK_asignacion_persona 
	FOREIGN KEY (idPersona) REFERENCES persona (id)
;

ALTER TABLE asignacion ADD CONSTRAINT FK_asignacion_tipoAsignacion 
	FOREIGN KEY (idTipoAsignacion) REFERENCES tipoAsignacion (id)
;

ALTER TABLE actividad ADD CONSTRAINT FK_actividad_financiador 
	FOREIGN KEY (idFinanciador) REFERENCES financiador (id)
;

ALTER TABLE actividad ADD CONSTRAINT FK_actividad_meta 
	FOREIGN KEY (idMeta) REFERENCES meta (id)
;

ALTER TABLE meta ADD CONSTRAINT FK_meta_objetivoEspecifico 
	FOREIGN KEY (idObjetivoEspecifico) REFERENCES objetivoEspecifico (id)
;

ALTER TABLE objetivoEspecifico ADD CONSTRAINT FK_objetivoEspecifico_objetivoGeneral 
	FOREIGN KEY (idObjetivoGeneral) REFERENCES objetivoGeneral (id)
;

ALTER TABLE usuario ADD CONSTRAINT FK_usuario_perfil 
	FOREIGN KEY (idPerfil) REFERENCES perfil (id)
;

ALTER TABLE usuario ADD CONSTRAINT FK_usuario_persona 
	FOREIGN KEY (idPersona) REFERENCES persona (id)
;

ALTER TABLE proyectoAreaTematica ADD CONSTRAINT FK_proyectoAreaTematica_areaTematica 
	FOREIGN KEY (idAreaTematica) REFERENCES areaTematica (id)
;

ALTER TABLE proyectoAreaTematica ADD CONSTRAINT FK_proyectoAreaTematica_proyecto 
	FOREIGN KEY (idProyecto) REFERENCES proyecto (id)
;

ALTER TABLE objetivoGeneral ADD CONSTRAINT FK_objetivoGeneral_proyecto 
	FOREIGN KEY (idProyecto) REFERENCES proyecto (id)
;

ALTER TABLE coordinador ADD CONSTRAINT FK_coordinador_persona 
	FOREIGN KEY (idPersona) REFERENCES persona (id)
;

ALTER TABLE coordinador ADD CONSTRAINT FK_coordinador_proyecto 
	FOREIGN KEY (idProyecto) REFERENCES proyecto (id)
;

ALTER TABLE rolAcceso ADD CONSTRAINT FK_rolAcceso_acceso 
	FOREIGN KEY (idAcceso) REFERENCES acceso (id)
;

ALTER TABLE rolAcceso ADD CONSTRAINT FK_rolAcceso_rol 
	FOREIGN KEY (idRol) REFERENCES rol (id)
;

ALTER TABLE proyecto ADD CONSTRAINT FK_proyecto_estadoProyecto 
	FOREIGN KEY (idEstadoProyecto) REFERENCES estadoProyecto (id)
;

ALTER TABLE proyecto ADD CONSTRAINT FK_proyecto_tipoAgrupamiento 
	FOREIGN KEY (idTipoAgrupamiento) REFERENCES tipoAgrupamiento (id)
;

ALTER TABLE proyecto ADD CONSTRAINT FK_proyecto_financiador 
	FOREIGN KEY (financiador) REFERENCES financiador (id)
;

ALTER TABLE proyecto ADD CONSTRAINT FK_proyecto_persona 
	FOREIGN KEY (responsable) REFERENCES persona (id)
;

ALTER TABLE proveedor ADD CONSTRAINT FK_proveedor_tipoProveedor 
	FOREIGN KEY (idTipoProveedor) REFERENCES tipoProveedor (id)
;

ALTER TABLE persona ADD CONSTRAINT FK_persona_formaPago 
	FOREIGN KEY (idFormaPago) REFERENCES formaPago (id)
;

ALTER TABLE persona ADD CONSTRAINT FK_persona_persona 
	FOREIGN KEY (idPersonaFactura) REFERENCES persona (id)
;

ALTER TABLE persona ADD CONSTRAINT FK_persona_relacionContractual 
	FOREIGN KEY (idRelacionContractual) REFERENCES relacionContractual (id)
;

ALTER TABLE perfilRol ADD CONSTRAINT FK_perfilRol_perfil 
	FOREIGN KEY (idPerfil) REFERENCES perfil (id)
;

ALTER TABLE perfilRol ADD CONSTRAINT FK_perfilRol_rol 
	FOREIGN KEY (idRol) REFERENCES rol (id)
;

ALTER TABLE ingreso ADD CONSTRAINT FK_Ingreso_financiador 
	FOREIGN KEY (idFinanciador) REFERENCES financiador (id)
;

ALTER TABLE ingreso ADD CONSTRAINT FK_Ingreso_TipoIngreso 
	FOREIGN KEY (idTipoIngreso) REFERENCES tipoIngreso (id)
;

ALTER TABLE financiador ADD CONSTRAINT FK_financiador_tipoFinanciador 
	FOREIGN KEY (idTipoFinanciador) REFERENCES tipoFinanciador (id)
;

ALTER TABLE acceso ADD CONSTRAINT FK_recursoAccion_accion 
	FOREIGN KEY (idAccion) REFERENCES accion (id)
;

ALTER TABLE acceso ADD CONSTRAINT FK_recursoAccion_recurso 
	FOREIGN KEY (idRecurso) REFERENCES recurso (id)
;

ALTER TABLE rubro ADD CONSTRAINT FK_rubro_rubro 
	FOREIGN KEY (idRubroPadre) REFERENCES rubro (id)
;

ALTER TABLE estadoProyecto ADD CONSTRAINT FK_estadoProyecto_estadoProyecto 
	FOREIGN KEY (idEstadoAnterior) REFERENCES estadoProyecto (id)
;

ALTER TABLE actividad ADD CONSTRAINT FK_actividad_estadoActividad 
	FOREIGN KEY (idEstadoActividad) REFERENCES estadoActividad (id)
;

ALTER TABLE proyecto ADD CONSTRAINT FK_proyecto_archivo 
	FOREIGN KEY (idArchivo) REFERENCES archivo (id)
;


-- Seguridad por valor

CREATE TABLE entidad
(
	id INT NOT NULL AUTO_INCREMENT COMMENT 'Primary Key',
	descripcion VARCHAR(50) NOT NULL COMMENT 'Descripcion de la entidad',
	nombreEntidad VARCHAR(50) NOT NULL COMMENT 'Nombre de la entidad usado por el motor de reglas',
	PRIMARY KEY (id),
	UNIQUE UQ_entidad_descripcion(descripcion),
	UNIQUE UQ_entidad_id(id)
) 
;

CREATE TABLE entidadReferenciada
(
	id INT NOT NULL AUTO_INCREMENT COMMENT 'Primary Key',
	idEntidad INT NOT NULL COMMENT 'Entidad que contiene la referencia',
	idEntidadReferenciada INT NOT NULL COMMENT 'Entidad referenciada',
	nombreEntidad VARCHAR(50) NOT NULL COMMENT 'Nombre del campo que contiene la referencia',
	PRIMARY KEY (idEntidad, idEntidadReferenciada),
	UNIQUE UQ_entidadReferenciada_dupla(idEntidad, idEntidadReferenciada),
	UNIQUE UQ_entidadReferenciada_id(id)
) 
;

CREATE TABLE tipoAtributo
(
	id INT NOT NULL AUTO_INCREMENT COMMENT 'Primary Key',
	descripcion VARCHAR(50) NOT NULL COMMENT 'Descripcion del tipo de atributo',
	PRIMARY KEY (id),
	UNIQUE UQ_tipoAtributo_descripcion(descripcion),
	UNIQUE UQ_tipoAtributo_id(id)
) 
;

CREATE TABLE atributo
(
	id INT NOT NULL AUTO_INCREMENT COMMENT 'Primary Key',
	idEntidad INT COMMENT 'Entidad del atributo',
	idTipoAtributo INT COMMENT 'Tipo del atributo',
	nombreAtributo VARCHAR(50) NOT NULL COMMENT 'Nombre del atributo de la entidad usado por el motor de reglas',
	descripcion VARCHAR(50) NOT NULL COMMENT 'Descripcion del atributo',
	optionBean VARCHAR(50) NULL COMMENT 'Nombre del bean con el cual obtener las opciones',
	PRIMARY KEY (id),
	UNIQUE UQ_atributo_id(id)
) 
;

CREATE TABLE operador
(
	id INT NOT NULL AUTO_INCREMENT COMMENT 'Primary Key',
	idTipoAtributo INT COMMENT 'Tipo de atributo al que pertenece',
	descripcion VARCHAR(50) NOT NULL COMMENT 'Descripcion del operador',
	PRIMARY KEY (id),
	UNIQUE UQ_operador_id(id)
) 
;

CREATE TABLE regla
(
	id INT NOT NULL AUTO_INCREMENT COMMENT 'Primary Key',
 	idEntidad INT COMMENT 'Entidad a la que aplica la regla',
	idAtributo INT COMMENT 'Atributo al que aplica la regla',
	idOperador INT COMMENT 'Operador de la regla',
	idUsuario INT COMMENT 'Usuario al que aplica la serie',
	valor VARCHAR(255) NOT NULL COMMENT 'Valor a asignar a la regla',
	valorDescripcion VARCHAR(255) NOT NULL COMMENT 'Valor a mostrar',
	activo BOOL NOT NULL COMMENT 'Señal para manejo de baja logica',
	PRIMARY KEY (id),
	UNIQUE UQ_regla_id(id)
) 
;

ALTER TABLE atributo ADD CONSTRAINT FK_atributo_entidad
	FOREIGN KEY (idEntidad) REFERENCES entidad (id)
;

ALTER TABLE atributo ADD CONSTRAINT FK_atributo_tipoAtributo
	FOREIGN KEY (idTipoAtributo) REFERENCES tipoAtributo (id)
;

ALTER TABLE operador ADD CONSTRAINT FK_operador_tipoAtributo
	FOREIGN KEY (idTipoAtributo) REFERENCES tipoAtributo (id)
;

ALTER TABLE regla ADD CONSTRAINT FK_regla_entidad
	FOREIGN KEY (idEntidad) REFERENCES entidad (id)
;

ALTER TABLE regla ADD CONSTRAINT FK_regla_atributo
	FOREIGN KEY (idAtributo) REFERENCES atributo (id)
;

ALTER TABLE regla ADD CONSTRAINT FK_regla_operador
	FOREIGN KEY (idOperador) REFERENCES operador (id)
;

ALTER TABLE regla ADD CONSTRAINT FK_regla_usuario
	FOREIGN KEY (idUsuario) REFERENCES usuario (id)
;

ALTER TABLE entidadReferenciada ADD CONSTRAINT FK_entidadReferenciada_entidad
	FOREIGN KEY (idEntidad) REFERENCES entidad (id)
;

ALTER TABLE entidadReferenciada ADD CONSTRAINT FK_entidadReferenciada_entidadReferenciada
	FOREIGN KEY (idEntidadReferenciada) REFERENCES entidad (id)
;
--  Area Tematica
INSERT INTO areatematica (id,descripcion) VALUES (1,'Salud y Nutrición');
INSERT INTO areatematica (id,descripcion) VALUES (2,'Derechos Humanos');
INSERT INTO areatematica (id,descripcion) VALUES (3,'Educación Básica');
INSERT INTO areatematica (id,descripcion) VALUES (4,'Desarrollo Democrático');
INSERT INTO areatematica (id,descripcion) VALUES (5,'Capacitación Laboral');
INSERT INTO areatematica (id,descripcion) VALUES (6,'Otros');

--  Tipo Financiador
INSERT INTO tipofinanciador (id,descripcion) VALUES (1,'Persona');
INSERT INTO tipofinanciador (id,descripcion) VALUES (2,'Institución');
INSERT INTO tipofinanciador (id,descripcion) VALUES (3,'Empresa');

--  Estado Financiador
INSERT INTO estadofinanciador (id,descripcion) VALUES (1,'Activo');
INSERT INTO estadofinanciador (id,descripcion) VALUES (2,'Inactivo');
INSERT INTO estadofinanciador (id,descripcion) VALUES (3,'Potencial');

--  Estado Proyecto
INSERT INTO estadoproyecto (id,idEstadoAnterior,descripcion) VALUES (1,null,'Idea');
INSERT INTO estadoproyecto (id,idEstadoAnterior,descripcion) VALUES (2,1,'Diseño');
INSERT INTO estadoproyecto (id,idEstadoAnterior,descripcion) VALUES (3,2,'Evaluación');
INSERT INTO estadoproyecto (id,idEstadoAnterior,descripcion) VALUES (4,3,'Ejecución');
INSERT INTO estadoproyecto (id,idEstadoAnterior,descripcion) VALUES (5,4,'Cierre');
INSERT INTO estadoproyecto (id,idEstadoAnterior,descripcion) VALUES (6,5,'Finalizado');

--  Tipo Ingreso
INSERT INTO tipoingreso (id,descripcion) VALUES (1,'Donación');
INSERT INTO tipoingreso (id,descripcion) VALUES (2,'Venta de Servicio');
INSERT INTO tipoingreso (id,descripcion) VALUES (3,'Financiador');

--  Tipo Documento
INSERT INTO tipodocumento (id,descripcion) VALUES (1,'DNI');
INSERT INTO tipodocumento (id,descripcion) VALUES (2,'CI');
INSERT INTO tipodocumento (id,descripcion) VALUES (3,'Pasaporte');
INSERT INTO tipodocumento (id,descripcion) VALUES (4,'LE');
INSERT INTO tipodocumento (id,descripcion) VALUES (5,'LC');

--  Tipo Gasto
INSERT INTO tipogasto (id,descripcion) VALUES (1,'Gastos de Actividad');
INSERT INTO tipogasto (id,descripcion) VALUES (2,'Gastos Generales');
INSERT INTO tipogasto (id,descripcion) VALUES (3,'Gastos Institucionales');

--  Tipo Comprobante
INSERT INTO tipocomprobante (id,descripcion) VALUES (1,'Ticket Fiscal');
INSERT INTO tipocomprobante (id,descripcion) VALUES (2,'Factura Tipo A');
INSERT INTO tipocomprobante (id,descripcion) VALUES (3,'Factura Tipo B');
INSERT INTO tipocomprobante (id,descripcion) VALUES (4,'Factura Tipo C');

--  Forma de pago
INSERT INTO formapago (id,descripcion) VALUES (1,'Efectivo');
INSERT INTO formapago (id,descripcion) VALUES (2,'Cheque');
INSERT INTO formapago (id,descripcion) VALUES (3,'Transferencia Bancaria');
INSERT INTO formapago (id,descripcion) VALUES (4,'Tarjeta de Crédito');

--  Tipo Presupuesto
insert into tipoPresupuesto (id, descripcion) VALUES (1, 'Proyecto');
insert into tipoPresupuesto (id, descripcion) VALUES (2, 'Actividad');

--  Tipo Proveedor
INSERT INTO tipoproveedor (id,descripcion) VALUES (1,'Persona');
INSERT INTO tipoproveedor (id,descripcion) VALUES (2,'Institución');
INSERT INTO tipoproveedor (id,descripcion) VALUES (3,'Empresa');

--  Tipo Asignacion
INSERT INTO tipoasignacion (id,descripcion) VALUES (1,'Por jornada');
INSERT INTO tipoasignacion (id,descripcion) VALUES (2,'Por hora');
INSERT INTO tipoasignacion (id,descripcion) VALUES (3,'Por mes');

--  Estado Actividad
INSERT INTO estadoactividad (id,descripcion) VALUES (1,'Latencia');
INSERT INTO estadoactividad (id,descripcion) VALUES (2,'Progreso');
INSERT INTO estadoactividad (id,descripcion) VALUES (3,'Suspensión');
INSERT INTO estadoactividad (id,descripcion) VALUES (4,'Cancelada');
INSERT INTO estadoactividad (id,descripcion) VALUES (5,'Cumplida');

--  Relacion Contractual
INSERT INTO relacioncontractual (id,nombre,descripcion,activo) VALUES (1,'Empleado','Empleado',true);
INSERT INTO relacioncontractual (id,nombre,descripcion,activo) VALUES (2,'Profesional','Profesional Contratado',true);
INSERT INTO relacioncontractual (id,nombre,descripcion,activo) VALUES (3,'Voluntario','Voluntario',true);
INSERT INTO relacioncontractual (id,nombre,descripcion,activo) VALUES (4,'Becario','Becario',true);
INSERT INTO relacioncontractual (id,nombre,descripcion,activo) VALUES (5,'Pasante','Pasante',true);
INSERT INTO relacioncontractual (id,nombre,descripcion,activo) VALUES (6,'Socio','Socio',true);
INSERT INTO relacioncontractual (id,nombre,descripcion,activo) VALUES (7,'Miembro CD','Miembro de la Comisión Directiva',true);

--  Parametros
INSERT INTO parametro (id, nombre, valor, descripcion) VALUES (1, 'ID_TIPO_INGRESO_FINANCIACION', '3', 'Id de la tabla tipoIngreso correspondiente al registro que representa Financiacion');
INSERT INTO parametro (id, nombre, valor, descripcion) VALUES (2, 'ID_ESTADO_PROYECTO_IDEA', '1', 'Id de la tabla estadoProyecto correspondiente al registro que representa el estado Idea');
INSERT INTO parametro (id, nombre, valor, descripcion) VALUES (3, 'ID_ESTADO_ACTIVIDAD_LATENTE', '1', 'Id de la tabla estadoActividad correspondiente al registro que representa el estado Latente');
INSERT INTO parametro (id, nombre, valor, descripcion) VALUES (4, 'ID_ESTADO_ACTIVIDAD_PROGRESO', '2', 'Id de la tabla estadoActividad correspondiente al registro que representa el estado En Progreso');
INSERT INTO parametro (id, nombre, valor, descripcion) VALUES (5, 'ID_TIPO_GASTO_ACTIVIDAD', '3', 'Id de la tabla tipoGasto correspondiente al registro que representa el tipo de gasto de actividades');
INSERT INTO parametro (id, nombre, valor, descripcion) VALUES (6, 'ID_TIPO_GASTO_ORGANIZACION', '1', 'Id de la tabla tipoGasto correspondiente al registro que representa el tipo de gasto de organizacion');
INSERT INTO parametro (id, nombre, valor, descripcion) VALUES (7, 'ID_TIPO_GASTO_PROYECTO', '2', 'Id de la tabla tipoGasto correspondiente al registro que representa el tipo de gasto de proyectos');
INSERT INTO parametro (id, nombre, valor, descripcion) VALUES (8, 'ID_TIPO_AGRUPAMIENTO_INDIVIDUAL', '1', 'Id de la tabla tipoAgrupamiento correspondiente al registro que representa el tipo de agrupamiento individual');
INSERT INTO parametro (id, nombre, valor, descripcion) VALUES (9, 'ID_TIPO_AGRUPAMIENTO_AGRUPADO', '2', 'Id de la tabla tipoAgrupamiento correspondiente al registro que representa el tipo de agrupamiento agrupado');
INSERT INTO parametro (id, nombre, valor, descripcion) VALUES (10, 'ID_TIPO_PRESUPUESTO_ACTIVIDAD', '2', 'Id de la tabla tipoPresupuesto correspondiente al registro que representa el tipo de presupuesto para gastos de actividades');
INSERT INTO parametro (id, nombre, valor, descripcion) VALUES (11, 'ID_TIPO_PRESUPUESTO_PROYECTO', '1', 'Id de la tabla tipoPresupuesto correspondiente al registro que representa el tipo de presupuesto para gastos de proyecto');
INSERT INTO parametro (id, nombre, valor, descripcion) VALUES (12, 'ID_ESTADO_PROYECTO_FINALIZADO', '6', 'Id de la tabla estadoProyecto correspondiente al registro que representa el estado Finalizado');
INSERT INTO parametro (id, nombre, valor, descripcion) VALUES (13, 'ID_ESTADO_ACTIVIDAD_SUSPENDIDA', '3', 'Id de la tabla estadoActividad correspondiente al registro que representa el estado Suspendida');
INSERT INTO parametro (id, nombre, valor, descripcion) VALUES (14, 'ID_ESTADO_PROYECTO_CIERRE', '5', 'Id de la tabla estadoProyecto correspondiente al registro que representa el estado Cierre');
INSERT INTO parametro (id, nombre, valor, descripcion) VALUES (15, 'ID_ESTADO_ACTIVIDAD_CANCELADA', '4', 'Id de la tabla estadoActividad correspondiente al registro que representa el estado Cancelada');
INSERT INTO parametro (id, nombre, valor, descripcion) VALUES (16, 'ID_ESTADO_ACTIVIDAD_CUMPLIDA', '5', 'Id de la tabla estadoActividad correspondiente al registro que representa el estado Cumplida');

-- Tipo de Agrupamiento
INSERT INTO tipoagrupamiento (id,descripcion) VALUES (1,'Individual');
INSERT INTO tipoagrupamiento (id,descripcion) VALUES (2,'Agrupado');

-- Proximo estado de actividad
insert into proximoestadoactividad (idEstadoActividad, idProximoEstadoActividad) values (1, 2);
insert into proximoestadoactividad (idEstadoActividad, idProximoEstadoActividad) values (2, 3);
insert into proximoestadoactividad (idEstadoActividad, idProximoEstadoActividad) values (2, 4);
insert into proximoestadoactividad (idEstadoActividad, idProximoEstadoActividad) values (2, 5);
insert into proximoestadoactividad (idEstadoActividad, idProximoEstadoActividad) values (3, 2);
-- Datos de Seguridad
insert into accion (id, descripcion) values (1, 'LISTADO');
insert into accion (id, descripcion) values (2, 'ALTA');
insert into accion (id, descripcion) values (3, 'BAJA');
insert into accion (id, descripcion) values (4, 'MODIFICACION');
insert into accion (id, descripcion) values (5, 'DETALLE');
insert into accion (id, descripcion) values (6, 'CAMBIAR_ESTADO');
insert into accion (id, descripcion) values (7, 'CONFIRMAR');
insert into accion (id, descripcion) values (8, 'BLOQUEAR');
insert into accion (id, descripcion) values (9, 'DESBLOQUEAR');
insert into accion (id, descripcion) values (10, 'EJECUTAR');
insert into accion (id, descripcion) values (11, 'HISTORICO');
insert into accion (id, descripcion) values (12, 'ADMINISTRAR_PRESUPUESTO');
insert into accion (id, descripcion) values (13, 'CAMBIAR_PASSWORD');

insert into recurso (id, descripcion) values (5, 'ENTIDAD_FINANCIADOR');
insert into recurso (id, descripcion) values (6, 'ENTIDAD_INGRESO');
insert into recurso (id, descripcion) values (7, 'ENTIDAD_PERSONA');
insert into recurso (id, descripcion) values (8, 'ENTIDAD_PROVEEDOR');
insert into recurso (id, descripcion) values (9, 'ENTIDAD_RELACION_CONTRACTUAL');
insert into recurso (id, descripcion) values (10, 'ENTIDAD_RUBRO');
insert into recurso (id, descripcion) values (11, 'ENTIDAD_PROYECTO');
insert into recurso (id, descripcion) values (12, 'ENTIDAD_OBJETIVO_GENERAL');
insert into recurso (id, descripcion) values (13, 'ENTIDAD_OBJETIVO_ESPECIFICO');
insert into recurso (id, descripcion) values (14, 'ENTIDAD_META');
insert into recurso (id, descripcion) values (15, 'ENTIDAD_ACTIVIDAD');
insert into recurso (id, descripcion) values (16, 'ENTIDAD_ASIGNACION');
insert into recurso (id, descripcion) values (17, 'ENTIDAD_GASTO_ORGANIZACION');
insert into recurso (id, descripcion) values (18, 'ENTIDAD_GASTO_PROYECTO');
insert into recurso (id, descripcion) values (19, 'ENTIDAD_GASTO_ACTIVIDAD');
insert into recurso (id, descripcion) values (20, 'ENTIDAD_ROL');
insert into recurso (id, descripcion) values (21, 'ENTIDAD_PERFIL');
insert into recurso (id, descripcion) values (22, 'ENTIDAD_USUARIO');
insert into recurso (id, descripcion) values (23, 'ENTIDAD_REGLA');
insert into recurso (id, descripcion) values (25, 'ENTIDAD_REPORTE_PERSONA');
insert into recurso (id, descripcion) values (26, 'ENTIDAD_REPORTE_FINANCIADOR');
insert into recurso (id, descripcion) values (27, 'ENTIDAD_REPORTE_PROVEEDOR');
insert into recurso (id, descripcion) values (28, 'ENTIDAD_REPORTE_FINANZAS');


insert into acceso (id, idRecurso, idAccion) values (5, 5, 1);
insert into acceso (id, idRecurso, idAccion) values (6, 5, 2);
insert into acceso (id, idRecurso, idAccion) values (7, 5, 3);
insert into acceso (id, idRecurso, idAccion) values (8, 5, 4);
insert into acceso (id, idRecurso, idAccion) values (9, 5, 5);
insert into acceso (id, idRecurso, idAccion) values (10, 6, 1);
insert into acceso (id, idRecurso, idAccion) values (11, 6, 2);
insert into acceso (id, idRecurso, idAccion) values (12, 6, 3);
insert into acceso (id, idRecurso, idAccion) values (13, 6, 4);
insert into acceso (id, idRecurso, idAccion) values (14, 6, 5);
insert into acceso (id, idRecurso, idAccion) values (15, 7, 1);
insert into acceso (id, idRecurso, idAccion) values (16, 7, 2);
insert into acceso (id, idRecurso, idAccion) values (17, 7, 3);
insert into acceso (id, idRecurso, idAccion) values (18, 7, 4);
insert into acceso (id, idRecurso, idAccion) values (19, 7, 5);
insert into acceso (id, idRecurso, idAccion) values (20, 8, 1);
insert into acceso (id, idRecurso, idAccion) values (21, 8, 2);
insert into acceso (id, idRecurso, idAccion) values (22, 8, 3);
insert into acceso (id, idRecurso, idAccion) values (23, 8, 4);
insert into acceso (id, idRecurso, idAccion) values (24, 8, 5);
insert into acceso (id, idRecurso, idAccion) values (25, 9, 1);
insert into acceso (id, idRecurso, idAccion) values (26, 9, 2);
insert into acceso (id, idRecurso, idAccion) values (27, 9, 3);
insert into acceso (id, idRecurso, idAccion) values (28, 9, 4);
insert into acceso (id, idRecurso, idAccion) values (29, 9, 5);
insert into acceso (id, idRecurso, idAccion) values (30, 10, 1);
insert into acceso (id, idRecurso, idAccion) values (31, 10, 2);
insert into acceso (id, idRecurso, idAccion) values (32, 10, 3);
insert into acceso (id, idRecurso, idAccion) values (33, 10, 4);
insert into acceso (id, idRecurso, idAccion) values (34, 10, 5);
insert into acceso (id, idRecurso, idAccion) values (35, 11, 1);
insert into acceso (id, idRecurso, idAccion) values (36, 11, 2);
insert into acceso (id, idRecurso, idAccion) values (37, 11, 3);
insert into acceso (id, idRecurso, idAccion) values (38, 11, 4);
insert into acceso (id, idRecurso, idAccion) values (39, 11, 5);
insert into acceso (id, idRecurso, idAccion) values (40, 12, 1);
insert into acceso (id, idRecurso, idAccion) values (41, 12, 2);
insert into acceso (id, idRecurso, idAccion) values (42, 12, 3);
insert into acceso (id, idRecurso, idAccion) values (43, 12, 4);
insert into acceso (id, idRecurso, idAccion) values (44, 12, 5);
insert into acceso (id, idRecurso, idAccion) values (45, 13, 1);
insert into acceso (id, idRecurso, idAccion) values (46, 13, 2);
insert into acceso (id, idRecurso, idAccion) values (47, 13, 3);
insert into acceso (id, idRecurso, idAccion) values (48, 13, 4);
insert into acceso (id, idRecurso, idAccion) values (49, 13, 5);
insert into acceso (id, idRecurso, idAccion) values (50, 14, 1);
insert into acceso (id, idRecurso, idAccion) values (51, 14, 2);
insert into acceso (id, idRecurso, idAccion) values (52, 14, 3);
insert into acceso (id, idRecurso, idAccion) values (53, 14, 4);
insert into acceso (id, idRecurso, idAccion) values (54, 14, 5);
insert into acceso (id, idRecurso, idAccion) values (55, 15, 1);
insert into acceso (id, idRecurso, idAccion) values (56, 15, 2);
insert into acceso (id, idRecurso, idAccion) values (57, 15, 3);
insert into acceso (id, idRecurso, idAccion) values (58, 15, 4);
insert into acceso (id, idRecurso, idAccion) values (59, 15, 5);
insert into acceso (id, idRecurso, idAccion) values (60, 16, 1);
insert into acceso (id, idRecurso, idAccion) values (61, 16, 2);
insert into acceso (id, idRecurso, idAccion) values (62, 16, 3);
insert into acceso (id, idRecurso, idAccion) values (63, 16, 4);
insert into acceso (id, idRecurso, idAccion) values (64, 16, 5);
insert into acceso (id, idRecurso, idAccion) values (65, 17, 1);
insert into acceso (id, idRecurso, idAccion) values (66, 17, 2);
insert into acceso (id, idRecurso, idAccion) values (67, 17, 3);
insert into acceso (id, idRecurso, idAccion) values (68, 17, 4);
insert into acceso (id, idRecurso, idAccion) values (69, 17, 5);
insert into acceso (id, idRecurso, idAccion) values (70, 18, 1);
insert into acceso (id, idRecurso, idAccion) values (71, 18, 2);
insert into acceso (id, idRecurso, idAccion) values (72, 18, 3);
insert into acceso (id, idRecurso, idAccion) values (73, 18, 4);
insert into acceso (id, idRecurso, idAccion) values (74, 18, 5);
insert into acceso (id, idRecurso, idAccion) values (75, 19, 1);
insert into acceso (id, idRecurso, idAccion) values (76, 19, 2);
insert into acceso (id, idRecurso, idAccion) values (77, 19, 3);
insert into acceso (id, idRecurso, idAccion) values (78, 19, 4);
insert into acceso (id, idRecurso, idAccion) values (79, 19, 5);
insert into acceso (id, idRecurso, idAccion) values (80, 20, 1);
insert into acceso (id, idRecurso, idAccion) values (81, 20, 2);
insert into acceso (id, idRecurso, idAccion) values (82, 20, 3);
insert into acceso (id, idRecurso, idAccion) values (83, 20, 4);
insert into acceso (id, idRecurso, idAccion) values (84, 20, 5);
insert into acceso (id, idRecurso, idAccion) values (85, 21, 1);
insert into acceso (id, idRecurso, idAccion) values (86, 21, 2);
insert into acceso (id, idRecurso, idAccion) values (87, 21, 3);
insert into acceso (id, idRecurso, idAccion) values (88, 21, 4);
insert into acceso (id, idRecurso, idAccion) values (89, 21, 5);
insert into acceso (id, idRecurso, idAccion) values (90, 22, 1);
insert into acceso (id, idRecurso, idAccion) values (91, 22, 2);
insert into acceso (id, idRecurso, idAccion) values (92, 22, 3);
insert into acceso (id, idRecurso, idAccion) values (93, 22, 4);
insert into acceso (id, idRecurso, idAccion) values (94, 22, 5);
insert into acceso (id, idRecurso, idAccion) values (95, 11, 6);
insert into acceso (id, idRecurso, idAccion) values (96, 15, 6);
insert into acceso (id, idRecurso, idAccion) values (97, 19, 7);
insert into acceso (id, idRecurso, idAccion) values (98, 22, 8);
insert into acceso (id, idRecurso, idAccion) values (99, 22, 9);
insert into acceso (id, idRecurso, idAccion) values (100, 23, 1);
insert into acceso (id, idRecurso, idAccion) values (101, 23, 2);
insert into acceso (id, idRecurso, idAccion) values (102, 23, 3);
insert into acceso (id, idRecurso, idAccion) values (103, 23, 4);
insert into acceso (id, idRecurso, idAccion) values (104, 23, 5);

insert into acceso (id, idRecurso, idAccion) values (106, 25, 10);
insert into acceso (id, idRecurso, idAccion) values (107, 26, 10);
insert into acceso (id, idRecurso, idAccion) values (108, 27, 10);
insert into acceso (id, idRecurso, idAccion) values (109, 28, 10);

insert into acceso (id, idRecurso, idAccion) values (110, 19, 11);
insert into acceso (id, idRecurso, idAccion) values (111, 11, 12);
insert into acceso (id, idRecurso, idAccion) values (112, 22, 13);
insert into acceso (id, idRecurso, idAccion) values (113, 18, 7);

insert into rol (id, nombre, descripcion, activo) values (1, 'Administrador de Financiadores', 'Acceso completo al ABM de Financiadores', '1');
insert into rol (id, nombre, descripcion, activo) values (2, 'Administrador de Ingresos', 'Acceso completo al ABM de Ingresos', '1');
insert into rol (id, nombre, descripcion, activo) values (3, 'Administrador de Personas', 'Acceso completo al ABM de Personas', '1');
insert into rol (id, nombre, descripcion, activo) values (4, 'Administrador de Proveedores', 'Acceso completo al ABM de Proveedores', '1');
insert into rol (id, nombre, descripcion, activo) values (5, 'Administrador de Relaciones Contractuales', 'Acceso completo al ABM de Relaciones Contractuales', '1');
insert into rol (id, nombre, descripcion, activo) values (6, 'Administrador de Rubros', 'Acceso completo al ABM de Rubros', '1');
insert into rol (id, nombre, descripcion, activo) values (7, 'Administrador de Proyectos', 'Acceso completo al ABM de Proyectos', '1');
insert into rol (id, nombre, descripcion, activo) values (8, 'Administrador de Objetivos Generales', 'Acceso completo al ABM de Objetivos Generales', '1');
insert into rol (id, nombre, descripcion, activo) values (9, 'Administrador de Objetivos Especificos', 'Acceso completo al ABM de Objetivos Especificos', '1');
insert into rol (id, nombre, descripcion, activo) values (10, 'Administrador de Metas', 'Acceso completo al ABM de Metas', '1');
insert into rol (id, nombre, descripcion, activo) values (11, 'Administrador de Actividades', 'Acceso completo al ABM de Actividades', '1');
insert into rol (id, nombre, descripcion, activo) values (12, 'Administrador de Asignaciones', 'Acceso completo al ABM de Asignaciones', '1');
insert into rol (id, nombre, descripcion, activo) values (13, 'Administrador de Gastos de Organizacion', 'Acceso completo al ABM de Gastos de Organizacion', '1');
insert into rol (id, nombre, descripcion, activo) values (14, 'Administrador de Gastos de Proyecto', 'Acceso completo al ABM de Gastos de Proyecto', '1');
insert into rol (id, nombre, descripcion, activo) values (15, 'Administrador de Gastos de Actividad', 'Acceso al ABM de Gastos de Actividad', '1');
insert into rol (id, nombre, descripcion, activo) values (16, 'Carga de Gastos de Actividad', 'Acceso a la carga de Gastos de Actividad', '1');
insert into rol (id, nombre, descripcion, activo) values (17, 'Administrador de Roles', 'Acceso completo al ABM de Roles', '1');
insert into rol (id, nombre, descripcion, activo) values (18, 'Administrador de Perfiles', 'Acceso completo al ABM de Perfiles', '1');
insert into rol (id, nombre, descripcion, activo) values (19, 'Administrador de Usuarios', 'Acceso completo al ABM de Usuarios', '1');
insert into rol (id, nombre, descripcion, activo) values (20, 'Administrador de Reglas de Seguridad', 'Acceso completo al ABM de Reglas de Seguridad', '1');
insert into rol (id, nombre, descripcion, activo) values (21, 'Administrador de Reportes', 'Acceso completo a los modulos de generacion de reportes', '1');

insert into rolacceso (idRol, idAcceso) values (1, 5);
insert into rolacceso (idRol, idAcceso) values (1, 6);
insert into rolacceso (idRol, idAcceso) values (1, 7);
insert into rolacceso (idRol, idAcceso) values (1, 8);
insert into rolacceso (idRol, idAcceso) values (1, 9);
insert into rolacceso (idRol, idAcceso) values (2, 10);
insert into rolacceso (idRol, idAcceso) values (2, 11);
insert into rolacceso (idRol, idAcceso) values (2, 12);
insert into rolacceso (idRol, idAcceso) values (2, 13);
insert into rolacceso (idRol, idAcceso) values (2, 14);
insert into rolacceso (idRol, idAcceso) values (3, 15);
insert into rolacceso (idRol, idAcceso) values (3, 16);
insert into rolacceso (idRol, idAcceso) values (3, 17);
insert into rolacceso (idRol, idAcceso) values (3, 18);
insert into rolacceso (idRol, idAcceso) values (3, 19);
insert into rolacceso (idRol, idAcceso) values (4, 20);
insert into rolacceso (idRol, idAcceso) values (4, 21);
insert into rolacceso (idRol, idAcceso) values (4, 22);
insert into rolacceso (idRol, idAcceso) values (4, 23);
insert into rolacceso (idRol, idAcceso) values (4, 24);
insert into rolacceso (idRol, idAcceso) values (5, 25);
insert into rolacceso (idRol, idAcceso) values (5, 26);
insert into rolacceso (idRol, idAcceso) values (5, 27);
insert into rolacceso (idRol, idAcceso) values (5, 28);
insert into rolacceso (idRol, idAcceso) values (5, 29);
insert into rolacceso (idRol, idAcceso) values (6, 30);
insert into rolacceso (idRol, idAcceso) values (6, 31);
insert into rolacceso (idRol, idAcceso) values (6, 32);
insert into rolacceso (idRol, idAcceso) values (6, 33);
insert into rolacceso (idRol, idAcceso) values (6, 34);
insert into rolacceso (idRol, idAcceso) values (7, 35);
insert into rolacceso (idRol, idAcceso) values (7, 36);
insert into rolacceso (idRol, idAcceso) values (7, 37);
insert into rolacceso (idRol, idAcceso) values (7, 38);
insert into rolacceso (idRol, idAcceso) values (7, 39);
insert into rolacceso (idRol, idAcceso) values (7, 111);
insert into rolacceso (idRol, idAcceso) values (8, 40);
insert into rolacceso (idRol, idAcceso) values (8, 41);
insert into rolacceso (idRol, idAcceso) values (8, 42);
insert into rolacceso (idRol, idAcceso) values (8, 43);
insert into rolacceso (idRol, idAcceso) values (8, 44);
insert into rolacceso (idRol, idAcceso) values (9, 45);
insert into rolacceso (idRol, idAcceso) values (9, 46);
insert into rolacceso (idRol, idAcceso) values (9, 47);
insert into rolacceso (idRol, idAcceso) values (9, 48);
insert into rolacceso (idRol, idAcceso) values (9, 49);
insert into rolacceso (idRol, idAcceso) values (10, 50);
insert into rolacceso (idRol, idAcceso) values (10, 51);
insert into rolacceso (idRol, idAcceso) values (10, 52);
insert into rolacceso (idRol, idAcceso) values (10, 53);
insert into rolacceso (idRol, idAcceso) values (10, 54);
insert into rolacceso (idRol, idAcceso) values (11, 55);
insert into rolacceso (idRol, idAcceso) values (11, 56);
insert into rolacceso (idRol, idAcceso) values (11, 57);
insert into rolacceso (idRol, idAcceso) values (11, 58);
insert into rolacceso (idRol, idAcceso) values (11, 59);
insert into rolacceso (idRol, idAcceso) values (12, 60);
insert into rolacceso (idRol, idAcceso) values (12, 61);
insert into rolacceso (idRol, idAcceso) values (12, 62);
insert into rolacceso (idRol, idAcceso) values (12, 63);
insert into rolacceso (idRol, idAcceso) values (12, 64);
insert into rolacceso (idRol, idAcceso) values (13, 65);
insert into rolacceso (idRol, idAcceso) values (13, 66);
insert into rolacceso (idRol, idAcceso) values (13, 67);
insert into rolacceso (idRol, idAcceso) values (13, 68);
insert into rolacceso (idRol, idAcceso) values (13, 69);
insert into rolacceso (idRol, idAcceso) values (14, 70);
insert into rolacceso (idRol, idAcceso) values (14, 71);
insert into rolacceso (idRol, idAcceso) values (14, 72);
insert into rolacceso (idRol, idAcceso) values (14, 73);
insert into rolacceso (idRol, idAcceso) values (14, 74);
insert into rolacceso (idRol, idAcceso) values (14, 113);
insert into rolacceso (idRol, idAcceso) values (15, 75);
insert into rolacceso (idRol, idAcceso) values (15, 76);
insert into rolacceso (idRol, idAcceso) values (15, 77);
insert into rolacceso (idRol, idAcceso) values (15, 78);
insert into rolacceso (idRol, idAcceso) values (15, 79);
insert into rolacceso (idRol, idAcceso) values (16, 76);
insert into rolacceso (idRol, idAcceso) values (16, 110);
insert into rolacceso (idRol, idAcceso) values (17, 80);
insert into rolacceso (idRol, idAcceso) values (17, 81);
insert into rolacceso (idRol, idAcceso) values (17, 82);
insert into rolacceso (idRol, idAcceso) values (17, 83);
insert into rolacceso (idRol, idAcceso) values (17, 84);
insert into rolacceso (idRol, idAcceso) values (18, 85);
insert into rolacceso (idRol, idAcceso) values (18, 86);
insert into rolacceso (idRol, idAcceso) values (18, 87);
insert into rolacceso (idRol, idAcceso) values (18, 88);
insert into rolacceso (idRol, idAcceso) values (18, 89);
insert into rolacceso (idRol, idAcceso) values (19, 90);
insert into rolacceso (idRol, idAcceso) values (19, 91);
insert into rolacceso (idRol, idAcceso) values (19, 92);
insert into rolacceso (idRol, idAcceso) values (19, 93);
insert into rolacceso (idRol, idAcceso) values (19, 94);
insert into rolacceso (idRol, idAcceso) values (19, 112);
insert into rolacceso (idRol, idAcceso) values (7, 95);
insert into rolacceso (idRol, idAcceso) values (11, 96);
insert into rolacceso (idRol, idAcceso) values (15, 97);
insert into rolacceso (idRol, idAcceso) values (19, 98);
insert into rolacceso (idRol, idAcceso) values (19, 99);
insert into rolacceso (idRol, idAcceso) values (20, 100);
insert into rolacceso (idRol, idAcceso) values (20, 101);
insert into rolacceso (idRol, idAcceso) values (20, 102);
insert into rolacceso (idRol, idAcceso) values (20, 103);
insert into rolacceso (idRol, idAcceso) values (20, 104);

insert into rolacceso (idRol, idAcceso) values (21, 106);
insert into rolacceso (idRol, idAcceso) values (21, 107);
insert into rolacceso (idRol, idAcceso) values (21, 108);
insert into rolacceso (idRol, idAcceso) values (21, 109);


insert into perfil (id, nombre, descripcion, activo) values (1, 'Administrador', 'Administrador General', '1');

insert into perfilrol (idPerfil, idRol) values (1, 1);
insert into perfilrol (idPerfil, idRol) values (1, 2);
insert into perfilrol (idPerfil, idRol) values (1, 3);
insert into perfilrol (idPerfil, idRol) values (1, 4);
insert into perfilrol (idPerfil, idRol) values (1, 5);
insert into perfilrol (idPerfil, idRol) values (1, 6);
insert into perfilrol (idPerfil, idRol) values (1, 7);
insert into perfilrol (idPerfil, idRol) values (1, 8);
insert into perfilrol (idPerfil, idRol) values (1, 9);
insert into perfilrol (idPerfil, idRol) values (1, 10);
insert into perfilrol (idPerfil, idRol) values (1, 11);
insert into perfilrol (idPerfil, idRol) values (1, 12);
insert into perfilrol (idPerfil, idRol) values (1, 13);
insert into perfilrol (idPerfil, idRol) values (1, 14);
insert into perfilrol (idPerfil, idRol) values (1, 15);
insert into perfilrol (idPerfil, idRol) values (1, 16);
insert into perfilrol (idPerfil, idRol) values (1, 17);
insert into perfilrol (idPerfil, idRol) values (1, 18);
insert into perfilrol (idPerfil, idRol) values (1, 19);
insert into perfilrol (idPerfil, idRol) values (1, 20);

insert into perfilrol (idPerfil, idRol) values (1, 21);

-- Datos para crear un usuario default para administrardor admin/admin
insert into persona (id, apellido, nombre, segundoNombre, idTipoDocumento, numeroDocumento, cuit, cbu, nacionalidad, fechaNacimiento, profesion, direccion, telefono, celular, email, funcion, idRelacionContractual, idFormaPago, idPersonaFactura, observaciones, activo) values (1, 'Otakon', 'Otakon', '', 1, 29319345, '', '', '', null, '', '', '', '', '', '', 1, 1, null, '', '1');
insert into usuario (id, idPersona, username, password, idPerfil, activo, bloqueado) values (1, 1, 'admin', '32ff9ee7e841b26a966870c144fdcaec', 1, '1', '0');






-- SEGURIDAD POR VALOR

insert into tipoatributo (id, descripcion) values (1, 'Numero');
insert into tipoatributo (id, descripcion) values (2, 'Texto');
insert into tipoatributo (id, descripcion) values (3, 'Fecha');
insert into tipoatributo (id, descripcion) values (4, 'Booleano');
insert into tipoatributo (id, descripcion) values (5, 'Opcion');


-- Operadores de tipo Numerico
insert into operador (id, idTipoAtributo, descripcion) values (1, 1, 'Igual');
insert into operador (id, idTipoAtributo, descripcion) values (2, 1, 'Distinto');
insert into operador (id, idTipoAtributo, descripcion) values (3, 1, 'Menor');
insert into operador (id, idTipoAtributo, descripcion) values (4, 1, 'Menor o igual');
insert into operador (id, idTipoAtributo, descripcion) values (5, 1, 'Mayor');
insert into operador (id, idTipoAtributo, descripcion) values (6, 1, 'Mayor o igual');

-- Operadores de tipo Texto
insert into operador (id, idTipoAtributo, descripcion) values (7, 2, 'Igual');
insert into operador (id, idTipoAtributo, descripcion) values (8, 2, 'Distinto');
insert into operador (id, idTipoAtributo, descripcion) values (9, 2, 'Contiene');
insert into operador (id, idTipoAtributo, descripcion) values (10, 2, 'No contiene');
insert into operador (id, idTipoAtributo, descripcion) values (11, 2, 'Empieza con');
insert into operador (id, idTipoAtributo, descripcion) values (12, 2, 'No empieza con');
insert into operador (id, idTipoAtributo, descripcion) values (13, 2, 'Termina con');
insert into operador (id, idTipoAtributo, descripcion) values (14, 2, 'No termina con');

-- Operadores de tipo Fecha
insert into operador (id, idTipoAtributo, descripcion) values (15, 3, 'Igual');
insert into operador (id, idTipoAtributo, descripcion) values (16, 3, 'Distinto');
insert into operador (id, idTipoAtributo, descripcion) values (17, 3, 'Antes de');
insert into operador (id, idTipoAtributo, descripcion) values (18, 3, 'Despues de');

-- Operadores de tipo Booleano
insert into operador (id, idTipoAtributo, descripcion) values (19, 4, 'Si');
insert into operador (id, idTipoAtributo, descripcion) values (20, 4, 'No');

-- Operadores de tipo Opcion
insert into operador (id, idTipoAtributo, descripcion) values (21, 5, 'Igual');
insert into operador (id, idTipoAtributo, descripcion) values (22, 5, 'Distinto');


insert into entidad (id, descripcion, nombreEntidad) values (1, 'sirius.entidad.actividad.label', 'Actividad');
insert into entidad (id, descripcion, nombreEntidad) values (2, 'sirius.entidad.asignacion.label', 'Asignacion');
insert into entidad (id, descripcion, nombreEntidad) values (3, 'sirius.entidad.financiador.label', 'Financiador');
insert into entidad (id, descripcion, nombreEntidad) values (4, 'sirius.entidad.gasto.label', 'Gasto');
insert into entidad (id, descripcion, nombreEntidad) values (5, 'sirius.entidad.ingreso.label', 'Ingreso');
insert into entidad (id, descripcion, nombreEntidad) values (6, 'sirius.entidad.meta.label', 'Meta');
insert into entidad (id, descripcion, nombreEntidad) values (7, 'sirius.entidad.objetivoEspecifico.label', 'ObjetivoEspecifico');
insert into entidad (id, descripcion, nombreEntidad) values (8, 'sirius.entidad.objetivoGenetal.label', 'ObjetivoGeneral');
insert into entidad (id, descripcion, nombreEntidad) values (9, 'sirius.entidad.persona.label', 'Persona');
insert into entidad (id, descripcion, nombreEntidad) values (10, 'sirius.entidad.proveedor.label', 'Proveedor');
insert into entidad (id, descripcion, nombreEntidad) values (11, 'sirius.entidad.proyecto.label', 'Proyecto');
insert into entidad (id, descripcion, nombreEntidad) values (12, 'sirius.entidad.relacionContractual.label', 'RelacionContractual');
insert into entidad (id, descripcion, nombreEntidad) values (13, 'sirius.entidad.rubro.label', 'Rubro');


-- Atributos simples de Actividad
insert into atributo (id, idEntidad, idTipoAtributo, nombreAtributo, descripcion) values (1, 1, 2, 'nombre', 'sirius.actividad.nombre.label');
insert into atributo (id, idEntidad, idTipoAtributo, nombreAtributo, descripcion) values (2, 1, 3, 'fechaInicio', 'sirius.actividad.fechaInicio.label');
insert into atributo (id, idEntidad, idTipoAtributo, nombreAtributo, descripcion) values (3, 1, 3, 'fechaFin', 'sirius.actividad.fechaFin.label');
insert into atributo (id, idEntidad, idTipoAtributo, nombreAtributo, descripcion) values (4, 1, 1, 'presupuesto', 'sirius.actividad.presupuesto.label');

-- Atributos simples de Financiador
insert into atributo (id, idEntidad, idTipoAtributo, nombreAtributo, descripcion) values (5, 3, 2, 'nombre', 'sirius.financiador.nombre.label');
insert into atributo (id, idEntidad, idTipoAtributo, nombreAtributo, descripcion) values (6, 3, 2, 'cuit', 'sirius.financiador.cuit.label');
insert into atributo (id, idEntidad, idTipoAtributo, nombreAtributo, descripcion) values (7, 3, 2, 'cbu', 'sirius.financiador.cbu.label');
insert into atributo (id, idEntidad, idTipoAtributo, nombreAtributo, descripcion) values (8, 3, 2, 'email', 'sirius.financiador.email.label');

-- Atributos simples de Gasto
insert into atributo (id, idEntidad, idTipoAtributo, nombreAtributo, descripcion) values (9, 4, 3, 'fecha', 'sirius.gasto.fecha.label');
insert into atributo (id, idEntidad, idTipoAtributo, nombreAtributo, descripcion) values (10, 4, 2, 'numeroComprobante', 'sirius.gasto.numeroComprobante.label');
insert into atributo (id, idEntidad, idTipoAtributo, nombreAtributo, descripcion) values (11, 4, 2, 'paquete', 'sirius.gasto.paquete.label');
insert into atributo (id, idEntidad, idTipoAtributo, nombreAtributo, descripcion) values (12, 4, 1, 'importe', 'sirius.gasto.importe.label');
insert into atributo (id, idEntidad, idTipoAtributo, nombreAtributo, descripcion) values (13, 4, 4, 'confirmado', 'sirius.gasto.confirmado.label');

-- Atributos simples de Ingreso
insert into atributo (id, idEntidad, idTipoAtributo, nombreAtributo, descripcion) values (14, 5, 1, 'monto', 'sirius.ingreso.monto.label');
insert into atributo (id, idEntidad, idTipoAtributo, nombreAtributo, descripcion) values (15, 5, 3, 'fecha', 'sirius.ingreso.fecha.label');

-- Atributos simples de Meta
insert into atributo (id, idEntidad, idTipoAtributo, nombreAtributo, descripcion) values (16, 6, 2, 'nombre', 'sirius.meta.nombre.label');

-- Atributos simples de Objetivo Especifico
insert into atributo (id, idEntidad, idTipoAtributo, nombreAtributo, descripcion) values (17, 7, 2, 'nombre', 'sirius.objetivoEspecifico.nombre.label');

-- Atributos simples de Objetivo General
insert into atributo (id, idEntidad, idTipoAtributo, nombreAtributo, descripcion) values (18, 8, 2, 'nombre', 'sirius.objetivoGeneral.nombre.label');

-- Atributos simples de Persona
insert into atributo (id, idEntidad, idTipoAtributo, nombreAtributo, descripcion) values (20, 9, 2, 'apellido', 'sirius.persona.apellido.label');
insert into atributo (id, idEntidad, idTipoAtributo, nombreAtributo, descripcion) values (21, 9, 2, 'nombre', 'sirius.persona.nombre.label');
insert into atributo (id, idEntidad, idTipoAtributo, nombreAtributo, descripcion) values (22, 9, 2, 'segundoNombre', 'sirius.persona.segundoNombre.label');
insert into atributo (id, idEntidad, idTipoAtributo, nombreAtributo, descripcion) values (23, 9, 1, 'numeroDocumento', 'sirius.persona.numeroDocumento.label');
insert into atributo (id, idEntidad, idTipoAtributo, nombreAtributo, descripcion) values (24, 9, 2, 'cuit', 'sirius.persona.cuit.label');
insert into atributo (id, idEntidad, idTipoAtributo, nombreAtributo, descripcion) values (25, 9, 2, 'cbu', 'sirius.persona.cbu.label');
insert into atributo (id, idEntidad, idTipoAtributo, nombreAtributo, descripcion) values (26, 9, 2, 'nacionalidad', 'sirius.persona.nacionalidad.label');
insert into atributo (id, idEntidad, idTipoAtributo, nombreAtributo, descripcion) values (27, 9, 3, 'fechaNacimiento', 'sirius.persona.fechaNacimiento.label');
insert into atributo (id, idEntidad, idTipoAtributo, nombreAtributo, descripcion) values (28, 9, 2, 'email', 'sirius.persona.email.label');

-- Atributos simples de Proveedor
insert into atributo (id, idEntidad, idTipoAtributo, nombreAtributo, descripcion) values (29, 10, 2, 'nombre', 'sirius.proveedor.nombre.label');
insert into atributo (id, idEntidad, idTipoAtributo, nombreAtributo, descripcion) values (30, 10, 2, 'cuit', 'sirius.proveedor.cuit.label');
insert into atributo (id, idEntidad, idTipoAtributo, nombreAtributo, descripcion) values (31, 10, 2, 'cbu', 'sirius.proveedor.cbu.label');
insert into atributo (id, idEntidad, idTipoAtributo, nombreAtributo, descripcion) values (32, 10, 2, 'email', 'sirius.proveedor.email.label');

-- Atributos simples de Proyecto
insert into atributo (id, idEntidad, idTipoAtributo, nombreAtributo, descripcion) values (33, 11, 2, 'nombre', 'sirius.proyecto.nombre.label');
insert into atributo (id, idEntidad, idTipoAtributo, nombreAtributo, descripcion) values (34, 11, 3, 'fechaInicio', 'sirius.proyecto.fechaInicio.label');
insert into atributo (id, idEntidad, idTipoAtributo, nombreAtributo, descripcion) values (35, 11, 3, 'fechaFin', 'sirius.proyecto.fechaFin.label');

-- Atributos simples de Relacion Contractual
insert into atributo (id, idEntidad, idTipoAtributo, nombreAtributo, descripcion) values (36, 12, 2, 'nombre', 'sirius.relacionContractual.nombre.label');

-- Atributos simples de Rubro
insert into atributo (id, idEntidad, idTipoAtributo, nombreAtributo, descripcion) values (38, 13, 2, 'nombre', 'sirius.rubro.nombre.label');


-- Atributos de Opciones
insert into atributo (id, idEntidad, idTipoAtributo, nombreAtributo, descripcion, optionBean) values (39, 1, 5, 'estadoActividad.id', 'sirius.actividad.estadoActividad.label', 'estadoActividadDAO');
insert into atributo (id, idEntidad, idTipoAtributo, nombreAtributo, descripcion, optionBean) values (40, 2, 5, 'tipoAsignacion.id', 'sirius.asignacion.tipoAsignacion.label', 'tipoAsignacionDAO');
insert into atributo (id, idEntidad, idTipoAtributo, nombreAtributo, descripcion, optionBean) values (41, 3, 5, 'tipoFinanciador.id', 'sirius.financiador.tipoFinanciador.label', 'tipoFinanciadorDAO');
insert into atributo (id, idEntidad, idTipoAtributo, nombreAtributo, descripcion, optionBean) values (42, 3, 5, 'estadoFinanciador.id', 'sirius.financiador.estadoFinanciador.label', 'estadoFinanciadorDAO');
insert into atributo (id, idEntidad, idTipoAtributo, nombreAtributo, descripcion, optionBean) values (43, 4, 5, 'origen.id', 'sirius.gasto.origen.label', 'origenDAO');
insert into atributo (id, idEntidad, idTipoAtributo, nombreAtributo, descripcion, optionBean) values (44, 4, 5, 'tipoComprobante.id', 'sirius.gasto.tipoComprobante.label', 'tipoComprobanteDAO');
insert into atributo (id, idEntidad, idTipoAtributo, nombreAtributo, descripcion, optionBean) values (45, 4, 5, 'tipoGasto.id', 'sirius.gasto.tipoGasto.label', 'tipoGastoDAO');
insert into atributo (id, idEntidad, idTipoAtributo, nombreAtributo, descripcion, optionBean) values (46, 5, 5, 'tipoIngreso.id', 'sirius.ingreso.tipoIngreso.label', 'tipoIngresoDAO');
insert into atributo (id, idEntidad, idTipoAtributo, nombreAtributo, descripcion, optionBean) values (47, 9, 5, 'tipoDocumento.id', 'sirius.persona.tipoDocumento.label', 'tipoDocumentoDAO');
insert into atributo (id, idEntidad, idTipoAtributo, nombreAtributo, descripcion, optionBean) values (48, 9, 5, 'formaPago.id', 'sirius.persona.formaPago.label', 'formaPagoDAO');
insert into atributo (id, idEntidad, idTipoAtributo, nombreAtributo, descripcion, optionBean) values (49, 10, 5, 'tipoProveedor.id', 'sirius.proveedor.tipoProveedor.label', 'tipoProveedorDAO');
insert into atributo (id, idEntidad, idTipoAtributo, nombreAtributo, descripcion, optionBean) values (50, 11, 5, 'estadoProyecto.id', 'sirius.proyecto.estadoProyecto.label', 'estadoProyectoDAO');
insert into atributo (id, idEntidad, idTipoAtributo, nombreAtributo, descripcion, optionBean) values (51, 11, 5, 'tipoAgrupamiento.id', 'sirius.proyecto.tipoAgrupamiento.label', 'tipoAgrupamientoDAO');






-- Referencias de las distintas entidades
-- Referencias de Actividad
insert into entidadReferenciada (id, idEntidad, idEntidadReferenciada, nombreEntidad) values (1, 1, 3, 'financiador');
insert into entidadReferenciada (id, idEntidad, idEntidadReferenciada, nombreEntidad) values (2, 1, 6, 'meta');

-- Referencias de Asignacion
insert into entidadReferenciada (id, idEntidad, idEntidadReferenciada, nombreEntidad) values (3, 2, 1, 'actividad');
insert into entidadReferenciada (id, idEntidad, idEntidadReferenciada, nombreEntidad) values (4, 2, 9, 'persona');

-- Referencias de Gasto
insert into entidadReferenciada (id, idEntidad, idEntidadReferenciada, nombreEntidad) values (5, 4, 1, 'actividad');
insert into entidadReferenciada (id, idEntidad, idEntidadReferenciada, nombreEntidad) values (6, 4, 9, 'persona');
insert into entidadReferenciada (id, idEntidad, idEntidadReferenciada, nombreEntidad) values (7, 4, 10, 'proveedor');
insert into entidadReferenciada (id, idEntidad, idEntidadReferenciada, nombreEntidad) values (8, 4, 11, 'proyecto');
insert into entidadReferenciada (id, idEntidad, idEntidadReferenciada, nombreEntidad) values (9, 4, 13, 'rubro');

-- Referencias de Ingreso
insert into entidadReferenciada (id, idEntidad, idEntidadReferenciada, nombreEntidad) values (10, 5, 3, 'financiador');

-- Referencias de Meta
insert into entidadReferenciada (id, idEntidad, idEntidadReferenciada, nombreEntidad) values (11, 6, 7, 'objetivoEspecifico');

-- Referencias de Objetivo Especifico
insert into entidadReferenciada (id, idEntidad, idEntidadReferenciada, nombreEntidad) values (12, 7, 8, 'objetivoGeneral');

-- Referencias de Objetivo General
insert into entidadReferenciada (id, idEntidad, idEntidadReferenciada, nombreEntidad) values (13, 8, 11, 'proyecto');

-- Referencias de Persona
insert into entidadReferenciada (id, idEntidad, idEntidadReferenciada, nombreEntidad) values (14, 9, 12, 'relacionContractual');

-- Referencias de Rubro
insert into entidadReferenciada (id, idEntidad, idEntidadReferenciada, nombreEntidad) values (15, 13, 13, 'rubroPadre');

-- Referencias de Proyecto
insert into entidadReferenciada (id, idEntidad, idEntidadReferenciada, nombreEntidad) values (16, 11, 3, 'financiador');
insert into entidadReferenciada (id, idEntidad, idEntidadReferenciada, nombreEntidad) values (17, 11, 9, 'responsable');

-- Agregar Origen
INSERT INTO `origen` (`id`, `descripcion`) VALUES ('1', 'Caja Chica');
INSERT INTO `origen` (`id`, `descripcion`) VALUES ('2', 'Caja');
INSERT INTO `origen` (`id`, `descripcion`) VALUES ('3', 'Efectivo');
-- Agregar Persona
INSERT INTO `persona` (`id`, `apellido`, `nombre`, `segundoNombre`, `idTipoDocumento`, `numeroDocumento`, `cuit`, `cbu`, `nacionalidad`, `fechaNacimiento`, `profesion`, `direccion`, `telefono`, `celular`, `email`, `funcion`, `idRelacionContractual`, `idFormaPago`, `idPersonaFactura`, `observaciones`, `activo`) VALUES ('2', 'Lopez', 'Gustavo', '', '1', '29564435.0', '20295644359', '5465735676545676567656', 'Argentina', '1980-11-18', 'Administrador de Empresas', 'Avenida Maipu 2564', '4799-5830', '15-4564-7763', 'guslopez@arnet.com', 'asesor de proyectos', '1', '1', NULL, 'Esta disponible solo los días Lunes y Miércoles', '1');


-- Agregar Financiador
INSERT INTO `financiador` (`id`, `idTipoFinanciador`, `nombre`, `cuit`, `cbu`, `direccion`, `telefono`, `contacto`, `celular`, `email`, `idEstadoFinanciador`, `observaciones`, `activo`) VALUES ('1', '3', '4 de Copas', '56347585567', '47382958492039485967', 'Av. De Mayo 966', '4766-4578', 'Pablo Ota Molina', '15-3533-4546', '4decopas@arnet.com', '1', 'Es una Empresa de Sistemas', '1');


-- Agregar Proveedor
INSERT INTO `proveedor` (`id`, `idTipoProveedor`, `nombre`, `cuit`, `cbu`, `direccion`, `telefono`, `contacto`, `celular`, `email`, `observaciones`, `activo`) VALUES ('1', '3', 'Antares', '54765478893', '356465463464645634565', 'Cordoba 4535', '4232-5673', 'Juan Brahma', '15-3546-5765', 'deptoventas@antares.com', '', '1');


-- Agregar Rubros
INSERT INTO `rubro` (`id`, `idRubroPadre`, `idRubroPrimerNivel`, `nombre`, `descripcion`, `activo`) VALUES ('1', NULL, 1, 'Materiales', 'Se utiliza para identificar cualquier tipo de material utilizado en un proyecto', '1');
INSERT INTO `rubro` (`id`, `idRubroPadre`, `idRubroPrimerNivel`, `nombre`, `descripcion`, `activo`) VALUES ('2', '1', 1, 'Librería', 'Identifica todos los materiales relacionados con libreria', '1');
INSERT INTO `rubro` (`id`, `idRubroPadre`, `idRubroPrimerNivel`, `nombre`, `descripcion`, `activo`) VALUES ('3', '2', 1, 'Fotocopias', 'Fotocopias hechas para un proyecto', '1');
INSERT INTO `rubro` (`id`, `idRubroPadre`, `idRubroPrimerNivel`, `nombre`, `descripcion`, `activo`) VALUES ('4', NULL, 4, 'Honorarios', 'Honorarios', '1');
INSERT INTO `rubro` (`id`, `idRubroPadre`, `idRubroPrimerNivel`, `nombre`, `descripcion`, `activo`) VALUES ('5', NULL, 5, 'Movilidad', 'Movilidad', '1');
INSERT INTO `rubro` (`id`, `idRubroPadre`, `idRubroPrimerNivel`, `nombre`, `descripcion`, `activo`) VALUES ('6', NULL, 6, 'Reintegros', 'Reintegros', '1');


-- Agregar Perfil
INSERT INTO `perfil` (`id`, `nombre`, `descripcion`, `activo`) VALUES ('2', 'Operador', 'El operador realiza carga de gastos', '1');


-- Agregar Proyecto
INSERT INTO `proyecto` (`id`, `idEstadoProyecto`, `idTipoAgrupamiento`, `nombre`, `descripcion`, `fechaInicio`, `fechaFin`, `ubicacion`, `responsable`, `beneficiariosDirectos`, `beneficiariosIndirectos`, `financiador`, `resumen`, `presupuestoTotal`, `idArchivo`, `activo`) VALUES ('1', '3', '2', 'Ole a la Gripe', 'El objetivo del  Proyecto es vacunar contra la gripe a los chicos que viven en la calle, de la zona Oeste de la provincia de Bs As', '2012-04-01', '2012-05-31', 'Zona Oeste de la Provincia de Bs As', '1', 'El grupo Antares', 'SAHDES', '1', NULL, 10000, NULL, '1');


-- Agregar Objetivo General
INSERT INTO `objetivogeneral` (`id`, `nombre`, `descripcion`, `ponderacion`, `idProyecto`, `activo`) VALUES ('1', 'Vacunar a 300 chicos', 'Vacunar a 300 chicos contra la gripe', '100.0', '1', '1');


-- Agregar Objetivo Especifico
INSERT INTO `objetivoespecifico` (`id`, `nombre`, `descripcion`, `ponderacion`, `idObjetivoGeneral`, `activo`) VALUES ('1', 'Vacunar a 200 chicos de la zona de Morón', 'Vacunar a 200 chicos de la zona de Morón contra la gripe', '33.0', '1', '1');


-- Agregar Meta
INSERT INTO `meta` (`id`, `nombre`, `descripcion`, `ponderacion`, `idObjetivoEspecifico`, `activo`) VALUES ('1', 'Vacunar a 70 chicos de la zona Sur de Moron', 'Vacunar a 70 chicos de la zona Sur de Moron contra la gripe', '70.0', '1', '1');


-- Agregar Actividad
INSERT INTO `actividad` (`id`, `idMeta`, `idFinanciador`, `idEstadoActividad`, `nombre`, `observaciones`, `fechaInicio`, `fechaFin`, `ponderacion`, `completitud`, `activo`) VALUES ('2', '1', '1', '3', 'Comprar 70 vacunas contra la gripe', 'Comprar las vacunas en Farmacity', '2012-04-03', '2012-04-03', '40.0', '0.0', '1');


-- Agregar Ingreso
INSERT INTO `ingreso` (`id`, `idTipoIngreso`, `monto`, `fecha`, `descripcion`, `idFinanciador`, `activo`) VALUES ('1', '1', '30000.0', '2011-03-05', 'Dinero destinado para vacunar a los chicos mas necesitados contra la gripe y también para comprar abrigos para los chicos', '1', '1');


-- Agregar Gasto General de Organizacion
INSERT INTO `gasto` (`id`, `idProyecto`, `idActividad`, `fecha`, `idRubro`, `idOrigen`, `idProveedor`, `idTipoComprobante`, `numeroComprobante`, `paquete`, `importe`, `idPersona`, `idTipoGasto`, `observaciones`, `referencia`, `confirmado`, `activo`) VALUES ('5', NULL, NULL, '2011-03-05', '3', '1', '1', '2', '123456789', NULL, '1000.0', '1', '1', 'Compra de 1 Impresora HP', NULL, '0', '1');


-- Actualizar password

update usuario set password = '32ff9ee7e841b26a966870c144fdcaec' where id = 1 and username = 'admin';

/* Personas */
INSERT INTO `persona` (`id`, `apellido`, `nombre`, `segundoNombre`, `idTipoDocumento`, `numeroDocumento`, `cuit`, `cbu`, `nacionalidad`, `fechaNacimiento`, `profesion`, `direccion`, `telefono`, `celular`, `email`, `funcion`, `idRelacionContractual`, `idFormaPago`, `idPersonaFactura`, `observaciones`, `activo`) VALUES
  (3, 'Rodriguez', 'Joaquin', '', 1, 29056273, '', '', '', '1982-12-08', '', '', '', '', '', '', 3, 2, NULL, '', 1),
  (4, 'Marotta', 'Roberto', '', 1, 26983190, '', '', '', NULL, '', '', '', '', '', '', 2, 3, NULL, '', 1),
  (5, 'Sanchez', 'Leopoldo', '', 4, 1321134, '', '', '', NULL, '', '', '', '', '', '', 4, 2, 2, '', 1),
  (6, 'Velazquez', 'Sabrina', 'Romina', 1, 27765220, '', '', '', NULL, '', '', '', '', '', '', 5, 1, NULL, '', 1),
  (7, 'Altamirano', 'Victor', 'Raul', 1, 219384710, '', '', '', NULL, '', '', '', '', '', '', 1, 2, NULL, '', 1),
  (8, 'Zanabria', 'Mario', 'Alberto', 3, 19023998, '', '', '', NULL, '', '', '', '', '', '', 7, 1, NULL, '', 1),
  (9, 'Lopez Torres', 'Ruben', '', 1, 23218912, '', '', '', NULL, '', '', '', '', '', '', 2, 2, NULL, '', 1),
  (10, 'Lusuriaga', 'Emilia', '', 1, 23012978, '', '', '', NULL, '', '', '', '', '', '', 5, 3, NULL, '', 1);

commit;

/* Financiadores */
INSERT INTO `financiador` (`id`, `idTipoFinanciador`, `nombre`, `cuit`, `cbu`, `direccion`, `telefono`, `contacto`, `celular`, `email`, `idEstadoFinanciador`, `observaciones`, `activo`) VALUES
  (2, 3, 'Instituto Vidal', '', '', 'Pasco 349', '4332-7842', '', '', '', 1, '', 1),
  (3, 2, 'CAECE', '', '', 'Av. Mayo 866', '4562-8371', '', '', '', 1, '', 1),
  (4, 2, 'Embajada de Canada', '', '', 'Alem 1013', '4345-5999', '', '', '', 3, '', 1),
  (5, 1, 'Jose Perez', '', '', 'Peron 798', '4321-1123', '', '', '', 2, '', 1);

commit;

/* Proveedores */
INSERT INTO `proveedor` (`id`, `idTipoProveedor`, `nombre`, `cuit`, `cbu`, `direccion`, `telefono`, `contacto`, `celular`, `email`, `observaciones`, `activo`) VALUES
  (2, 3, 'Ledesma', '', '', 'Lamadrid 2122', '4312-3432', '', '', '', '', 1),
  (3, 1, 'Leonardo Leipus', '', '', 'Rodriguez Peña 312', '3122-3431', '', '', '', '', 1),
  (4, 3, 'Vital', '', '', 'Lope de Vega 121', '3431-9548', '', '', '', '', 1),
  (5, 3, 'Farmatron', '', '', 'Zapiola 391', '4952-3912', '', '', '', '', 1),
  (6, 2, 'Medicus', '', '', 'Cordoba 2921', '4821-2312', '', '', '', '', 1);

commit;

/* Proyectos */
INSERT INTO `proyecto` (`id`, `idEstadoProyecto`, `idTipoAgrupamiento`, `nombre`, `descripcion`, `fechaInicio`, `fechaFin`, `ubicacion`, `responsable`, `beneficiariosDirectos`, `beneficiariosIndirectos`, `financiador`, `presupuestoTotal`, `resumen`, `idArchivo`, `activo`) VALUES
  (2, 4, 2, 'Promotores de Salud 2011', NULL, '2011-08-01', '2011-08-31', 'Gral. Lamadrid', 4, NULL, NULL, 2, 7000, NULL, NULL, 1),
  (3, 2, 2, 'Jóvenes Promotores de Salud', 'Capacitar y promover a jovenes promotores de Salud vv', '2011-08-03', '2011-08-17', 'Manzanares. Partido de Pilar. Provincia de Buenos Aires.', 7, 'Mujeres: 34\r\nHombres: 7\r\nNiños/as: 234\r\nTOTAL: 275', 'Mujeres: 486\r\nHombres: 449\r\nNiños/as: 530\r\nTOTAL: 1.465', 4, 94010, NULL, NULL, 1),
  (4, 4, 2, 'Cooperativa AraSur', NULL, '2011-08-10', '2011-09-01', 'Villa Langostura', 1, NULL, NULL, 2, 62000, NULL, NULL, 1);

commit;

/* Coordinadores */
INSERT INTO `coordinador` (`idProyecto`, `idPersona`) VALUES
  (2, 7),
  (3, 6),
  (3, 10),
  (4, 2),
  (4, 7);

commit;

/* Objetivos Generales */
INSERT INTO `objetivogeneral` (`id`, `nombre`, `descripcion`, `ponderacion`, `idProyecto`, `activo`) VALUES
  (2, 'Promocion de promotores de salud', NULL, 100, 2, 1),
  (3, 'Promover Promotores de Salud', NULL, 100, 3, 1),
  (4, 'Autosustentacion cooperativa AraSur', NULL, 40, 4, 1);

  commit;

/* Objetivos Especificos */
INSERT INTO `objetivoespecifico` (`id`, `nombre`, `descripcion`, `ponderacion`, `idObjetivoGeneral`, `activo`) VALUES
  (2, 'Capacitar Promotores de Salud', NULL, 50, 2, 1),
  (3, 'Ejecutar Promocion de Salud', NULL, 50, 2, 1),
  (4, 'Promocion de jovenes promotores de salud', NULL, 100, 3, 1),
  (5, 'Autosustentacion cooperativa AraSur', NULL, 70, 4, 1);

 commit;

/* Metas */
INSERT INTO `meta` (`id`, `nombre`, `descripcion`, `ponderacion`, `idObjetivoEspecifico`, `activo`) VALUES
  (2, 'Capacitar 25 Promotores de Salud', NULL, 100, 2, 1),
  (3, 'Promocion de jovenes promotores de salud', NULL, 100, 4, 1),
  (4, 'Evaluacion capacidad autogestion', NULL, 60, 5, 1),
  (5, 'Capacitar sobre autogestion', NULL, 50, 5, 1),
  (6, 'Supervision de la autogestion', NULL, 50, 5, 1);

 commit;

/* Actividades */
INSERT INTO `actividad` (`id`, `idMeta`, `idFinanciador`, `idEstadoActividad`, `nombre`, `observaciones`, `fechaInicio`, `fechaFin`, `ponderacion`, `completitud`, `activo`, `fechaFinalizacion`) VALUES
  (3, 2, 2, 1, 'Capacitacion Personas', NULL, '2011-08-18', '2011-11-19', 50, 0, 1, NULL),
  (4, 2, 2, 1, 'Evaluacion Promotores', NULL, '2011-08-09', '2011-11-16', 30, 13, 1, NULL),
  (5, 3, 5, 1, 'Capacitar jovenes promotores', NULL, '2011-08-09', '2011-12-16', 40, 59, 1, NULL),
  (6, 3, 5, 1, 'Trabajo de campo de los jovenes promotores de salud', NULL, '2011-08-10', '2011-12-17', 60, 0, 1, NULL),
  (7, 2, 2, 1, 'Evaluar Promotores', NULL, '2011-08-09', '2011-12-16', 20, 12, 1, NULL),
  (8, 2, 3, 1, 'Ejercicio practico', NULL, '2011-08-03', '2011-12-11', 0, 0, 0, NULL),
  (9, 3, 5, 1, 'Induccion a promotores', NULL, '2011-08-03', '2011-12-03', 0, 0, 0, NULL),
  (12, 4, 2, 1, 'Evaluacion estado gestion actual', NULL, '2011-08-10', '2011-12-17', 75, 0, 1, NULL),
  (13, 5, 2, 1, 'Introduccion a la autogestion', NULL, '2011-08-14', '2011-12-19', 60, 0, 1, NULL),
  (14, 5, 3, 1, 'Practica autogestion', NULL, '2011-08-17', '2011-12-24', 40, 0, 1, NULL),
  (15, 6, 2, 1, 'Supervision autogestion', NULL, '2011-08-17', '2011-12-24', 50, 0, 1, NULL);

  commit;

/* Usuarios */
INSERT INTO `usuario` (`id`, `idPersona`, `username`, `password`, `idPerfil`, `bloqueado`, `activo`) VALUES
  (2, 3, 'jrodriguez', 'a7fc661fbbb7dadc495975e0fbb905e0', 2, 0, 1);

/* Perfil para carga de gastos */
INSERT INTO `perfilrol` (`idPerfil`, `idRol`) VALUES
  (2, 16);

/* Presupuesto */
INSERT INTO `presupuesto` (`id`, `idTipoPresupuesto`, `idProyecto`, `idActividad`, `idRubro`, `monto`) VALUES
  (24, 2, NULL, 4, 4, 100),
  (25, 2, NULL, 3, 1, 100),
  (26, 2, NULL, 4, 1, 110),
  (27, 2, NULL, 7, 5, 90),
  (28, 2, NULL, 3, 5, 98),
  (29, 2, NULL, 4, 5, 139),
  (30, 2, NULL, 4, 6, 90),
  (31, 2, NULL, 7, 6, 95),
  (32, 1, 2, NULL, 1, 1000),
  (35, 2, NULL, 5, 4, 100),
  (36, 2, NULL, 6, 4, 100),
  (37, 2, NULL, 5, 1, 100),
  (38, 2, NULL, 6, 1, 100),
  (39, 2, NULL, 5, 5, 100),
  (40, 2, NULL, 6, 5, 100),
  (41, 2, NULL, 5, 6, 100),
  (42, 2, NULL, 6, 6, 100),
  (44, 1, 3, NULL, 4, 100),
  (45, 1, 3, NULL, 1, 100),
  (46, 1, 3, NULL, 5, 100),
  (47, 1, 3, NULL, 6, 100);